row_index,brand,model,variant,fuel,year,km,power_kw,inventory_price_eur,ab_tier,ab_comparable_count,ab_median_eur,ab_price_diff_pct,ab_insufficient,ab_unknown_frac,ab_outliers_trimmed,bz_tier,bz_comparable_count,bz_median_eur,bz_price_diff_pct,bz_insufficient,bz_unknown_frac,bz_outliers_trimmed,median_spread_pct,ab_vs_bz_pct_gap,missing_critical_fields,sample_sufficient,confidence_flag,confidence_reasons,rank_source,rank_price_diff_pct,ab_example_links,bz_example_links,ab_retrieval_error,bz_retrieval_error
0,Hyundai,I30,1.0 119HP Automatic Advanced,Petrol,2023,122000,88.0,11600,broad,5,15490.0,25.1,False,0.0,1,moderate,4,10990.0,-5.6,False,0.0,0,29.1,30.7,none,True,MEDIUM,"moderate source disagreement 29%; sample n=5, data complete",autobazar,25.1,https://www.autobazar.eu/detail/hyundai-i30-rv-20225-15l-81kw-odpocet-dph-zaruka-3roky/AeQ6rKyfStD/ | https://www.autobazar.eu/detail/hyundai-i30-15i-cvvt-comfort/AmCLHBbUbDL/ | https://www.autobazar.eu/detail/hyundai-i30-16-t-gdi-7-dct/Am1ZsUdsxY8/,https://auto.bazos.sk/inzerat/194354609/hyundai-i30-cw-15i-cvvt-comfort.php | https://auto.bazos.sk/inzerat/194131136/hyundai-i30-cw-10-t-gdi-family-povodny-lak-137-420km-sr.php | https://auto.bazos.sk/inzerat/194160059/hyundai-i30-cw-10-t-gdi-comfort-v-zaruke-povodny-lak-sr.php,,
1,Nissan,X-Trail,1.3 157HP Automatic Acenta,Petrol,2020,80809,115.0,12950,broad,2,14000.0,7.5,True,0.0,0,broad,1,11990.0,-8.0,True,1.0,0,14.4,15.5,none,False,INSUFFICIENT,"no source reaches 4 comparables (AB n=2, BZ n=1)",autobazar,7.5,https://www.autobazar.eu/detail/nissan-x-trail-benzin-16-163k-manual-n-connecta/AewVPnEv70R/ | https://www.autobazar.eu/detail/nissan-x-trail-16-dig-t-servkniha-klima-tempomat/Aeaio_RH41a/,https://auto.bazos.sk/inzerat/194369413/nissan-x-trail-dig-t-160-acenta.php,,
2,Mazda,Cx-5,2.0 163HP Manual Optimum,Petrol,2020,100012,120.0,15950,broad,4,22749.5,29.9,False,0.0,0,broad,5,20990.0,24.0,False,0.8,0,7.7,5.9,none,True,HIGH,both sources usable (AB 4/BZ 5); median spread 8% <= 15%; inventory + comparable data complete,bazos,24.0,https://www.autobazar.eu/detail/mazda-cx-5-25-skyactiv-g194-attraction-at/AmSckmBGhO6/ | https://www.autobazar.eu/detail/mazda-cx-5-20-skyactiv-g165-newground-at-121kw165hp-a6/AeMB2q_cU0U/ | https://www.autobazar.eu/detail/mazda-cx-5-25-skyactiv-g194-revolution-plus-awd-at-143kw193hp-a6/AelomuZNayM/,https://auto.bazos.sk/inzerat/194336903/mazda-cx-5.php | https://auto.bazos.sk/inzerat/193955056/mazda-cx-5-awd-benzin-143kw-4x4-automat-1-majitel.php | https://auto.bazos.sk/inzerat/194430475/mazda-cx-5-22-skyactiv-d-110kw-rv2020.php,,
3,Honda,Jazz,1.3 101HP Manual Comfort,Petrol,2017,84748,74.0,6000,broad,3,6900.0,13.0,True,0.0,0,broad,4,7695.0,22.0,False,1.0,0,10.3,-9.0,none,True,LOW,100% of comparables missing year/km; best sample n=4,bazos,22.0,https://www.autobazar.eu/detail/honda-jazz-12-i-vtec-sr2maj-servkniha-klima/Aeu4ack3AfZ/ | https://www.autobazar.eu/detail/honda-jazz-12-i-vtec-sr2maj-servkniha-klima/AeGP-GnmS9X/ | https://www.autobazar.eu/detail/honda-jazz-15-i-vtec-dynamic/AmINI7SdreX/,https://auto.bazos.sk/inzerat/194471063/honda-jazz-13-benzin.php | https://auto.bazos.sk/inzerat/194375924/honda-jazz.php | https://auto.bazos.sk/inzerat/194325548/honda-jazz-13-i-vtec-trend.php,,
4,Toyota,Rav4,2.5  Automatic H3 Selected,Hybrid,2019,93545,,17000,broad,9,29990.0,43.3,False,0.0,0,broad,3,26900.0,36.8,True,0.33,0,10.3,6.5,none,True,MEDIUM,"single usable source (AB 9/BZ 3); no cross-check; sample n=9, data complete",autobazar,43.3,https://www.autobazar.eu/detail/toyota-rav4-25-hybrid-e-cvt-selection-fwd-131kw176hp-a1/AevJbDwVFCg/ | https://www.autobazar.eu/detail/toyota-rav4-25-hybrid-e-cvt-awd-comfort-povodny-lak-92-260km-sr/AmFzGwgwvn_/ | https://www.autobazar.eu/detail/toyota-rav4-25-hybrid-e-cvt-black-edition-awd-131kw176hp-a1/AeFmmK5bOim/,https://auto.bazos.sk/inzerat/194004541/toyota-rav4.php | https://auto.bazos.sk/inzerat/194372892/toyota-rav4-25-hybrid-e-cvt-awd-comfort-povodny-lak-sr.php | https://auto.bazos.sk/inzerat/193577804/toyota-rav4-25hybrid-awd-executive-4x4-top-stav.php,,
5,Subaru,Impreza,2.0 154HP Automatic Active,Petrol,2019,66220,113.0,11000,broad,0,,,True,1.0,0,broad,1,28800.0,61.8,True,1.0,0,,,none,False,INSUFFICIENT,"no source reaches 4 comparables (AB n=0, BZ n=1)",bazos,61.8,,https://auto.bazos.sk/inzerat/194408768/subaru-impreza-wtx-sti-white-edition.php,,
6,Toyota,Auris,1.8 98HP Manual H2 Premium,Hybrid,2015,150000,72.0,7200,moderate,4,12822.5,43.8,False,0.0,0,broad,3,7300.0,1.4,True,0.67,0,43.1,42.4,none,True,MEDIUM,"single usable source (AB 4/BZ 3); no cross-check; sample n=4, data complete",autobazar,43.8,https://www.autobazar.eu/detail/toyota-auris-18-i-vvt-i-hybridsd-active-family-73kw99hp-a1/Ae4sVj12Z3P/ | https://www.autobazar.eu/detail/toyota-auris-2017/AeySZuKHjOt/ | https://www.autobazar.eu/detail/toyota-auris-18-hybridkameraaut-klima/AbxWRyFgaZE/,https://auto.bazos.sk/inzerat/194454129/toyota-auris-14-66kw-d4d.php | https://auto.bazos.sk/inzerat/194399342/predam-toyota-auris-hybrid-2014-s-lpg-plyn.php | https://auto.bazos.sk/inzerat/194370682/toyota-auris-combi-18-hybrid.php,,
7,Peugeot,2008,1.2 100HP Manual Allure,Petrol,2024,42385,74.0,13400,moderate,6,21490.0,37.6,False,0.83,0,broad,3,15490.0,13.5,True,0.75,1,27.9,24.1,none,True,LOW,83% of comparables missing year/km; best sample n=6,autobazar,37.6,https://www.autobazar.eu/detail/peugeot-2008-style-12-turbo-100-bvm6/Am8R3937wxy/ | https://www.autobazar.eu/detail/peugeot-2008-style-12-turbo-100-bvm6/Amt2sq0z4sV/ | https://www.autobazar.eu/detail/peugeot-2008-allure-pack-12-puretech-100k-bvm6/AmFgoSU-YLz/,https://auto.bazos.sk/inzerat/194409350/peugeot-2008-12-puretech-130-gt-eat8-96kw130hp-a8.php | https://auto.bazos.sk/inzerat/194170883/peugeot-308-16-benzin.php | https://auto.bazos.sk/inzerat/193237967/peugeot-2008-15-bluehdi-54-380-km-odpocet-dph.php,,
8,Skoda,Karoq,1.5 148HP Automatic STYLE,Petrol,2020,112000,109.0,15000,moderate,6,20745.0,27.7,False,0.0,0,broad,6,20994.5,28.6,False,0.17,0,1.2,-0.9,none,True,HIGH,both sources usable (AB 6/BZ 6); median spread 1% <= 15%; inventory + comparable data complete,autobazar,27.7,https://www.autobazar.eu/detail/skoda-karoq-15-tsi-act-style-dsg-110kw150hp-a7/Ae7Ay7bnle6/ | https://www.autobazar.eu/detail/skoda-karoq-15-tsi-act-sportline-dsg/AmM2dFvi-0r/ | https://www.autobazar.eu/detail/skoda-karoq-style-15-tsi-110-kw-7-stup-automat/AeiHjbLkYrp/,https://auto.bazos.sk/inzerat/194392972/skoda-karoq-sportline-15tsi-rv1572020-179tis-virtual.php | https://auto.bazos.sk/inzerat/194370105/predam-skoda-karoq-sportline.php | https://auto.bazos.sk/inzerat/194287106/skoda-karoq-15-tsi-act-sportline-dsg.php,,
9,Seat,Toledo,"1,2 TSI Style Start/Stop 110HK 5d 6g",Petrol,2016,160000,81.0,4500,moderate,6,6450.0,30.2,False,0.0,1,broad,0,,,True,1.0,0,,,none,True,MEDIUM,"single usable source (AB 6/BZ 0); no cross-check; sample n=6, data complete",autobazar,30.2,https://www.autobazar.eu/detail/seat-toledo-12-tsi-reference/AeN3O4rSnJ2/ | https://www.autobazar.eu/detail/seat-toledo-12-tsi-servkniha-park-senzory/AmnEOHys0iu/ | https://www.autobazar.eu/detail/seat-toledo-12-tsi-servkniha-klima-po-stk/AehBhD_QSWr/,,,
10,Volkswagen,Golf Sportsvan,1.5 130HP Automatic Comfortline,Petrol,2018,63910,96.0,13000,broad,3,12400.0,-4.8,True,0.0,0,broad,0,,,True,1.0,0,,,none,False,INSUFFICIENT,"no source reaches 4 comparables (AB n=3, BZ n=0)",autobazar,-4.8,https://www.autobazar.eu/detail/vw-golf-sportsvan-12-tsicomfortline-cr2maj/AmwPDlXjc2A/ | https://www.autobazar.eu/detail/vw-golf-sportsvan-14-tsiomfortline-servkniha-navi/AmYsuaPRIov/ | https://www.autobazar.eu/detail/vw-golf-sportsvan-15-tsi-kuze-tempomat/Amhz8e67QMr/,,,
11,Skoda,Kamiq,1.0 109HP Automatic Dynamic,Petrol,2021,113100,80.0,12850,moderate,23,14299.0,10.1,False,0.0,0,broad,4,16144.5,20.4,False,0.5,0,11.4,-10.3,none,True,HIGH,both sources usable (AB 23/BZ 4); median spread 11% <= 15%; inventory + comparable data complete,autobazar,10.1,https://www.autobazar.eu/detail/skoda-kamiq-10-tsi-joy-81kw-v-zaruke-elkufor-full-led-full-kessy-parkovacia-kamera/AmUdoxr3zRx/ | https://www.autobazar.eu/detail/skoda-kamiq-10-tsi-style/AmvRkiMqmaN/ | https://www.autobazar.eu/detail/skoda-kamiq-10-tsi-ambition/AmPiN3lWwBf/,https://auto.bazos.sk/inzerat/194376105/skoda-kamiq-10-tsi-style-dsg.php | https://auto.bazos.sk/inzerat/194374005/skoda-kamiq-10-tsi-selection.php | https://auto.bazos.sk/inzerat/194383824/skoda-kamiq-15-tsi-style-dsg-98000km-2021.php,,
12,Skoda,Superb,1.5 148HP Automatic Business Executive,Petrol,2019,92386,109.0,16000,broad,0,,,True,1.0,0,broad,0,,,True,1.0,0,,,none,False,INSUFFICIENT,"no source reaches 4 comparables (AB n=0, BZ n=0)",autobazar,,,,,
13,Nissan,Qashqai,1.3 156HP Automatic N-Connecta,Petrol,2022,79000,115.0,18500,broad,3,23500.0,21.3,True,0.0,0,broad,1,15999.0,-15.6,True,0.0,0,31.9,36.9,none,False,INSUFFICIENT,"no source reaches 4 comparables (AB n=3, BZ n=1)",autobazar,21.3,https://www.autobazar.eu/detail/nissan-qashqai-15-e-power-190-hev-tekna-116kw158hp-a1/AeMyM-70F0H/ | https://www.autobazar.eu/detail/nissan-qashqai-2021/AetwDLvzor7/ | https://www.autobazar.eu/detail/nissan-qashqai-13-dig-t-158-mild-hybrid-n-connecta/AmLpnrt3nXa/,https://auto.bazos.sk/inzerat/193523185/nissan-qashqai-n-way-13-benzin-103kwm62021.php,,
14,BMW,X1,1.5 139HP Automatic sDrive 18i,Petrol,2018,119000,102.0,11500,broad,2,16550.0,30.5,True,0.0,0,broad,3,15100.0,23.8,True,0.75,1,8.8,6.7,none,False,INSUFFICIENT,"no source reaches 4 comparables (AB n=2, BZ n=3)",bazos,23.8,https://www.autobazar.eu/detail/bmw-x1-sdrive-18i-140k-xline-at-103kw140hp-a6/AeNbL8OsfPl/ | https://www.autobazar.eu/detail/bmw-x1-sdrive-18i-at-103kw140hp-a7/AeQsVgfz4x8/,https://auto.bazos.sk/inzerat/194137635/bmw-x1.php | https://auto.bazos.sk/inzerat/194436274/bmw-x1-f48-x2-f39-orig-18-letna-sada.php | https://auto.bazos.sk/inzerat/193462843/ford-ranger-limited-22tdci-doublecab-duratorq-4x4.php,,
15,Volkswagen,Passat,1.4 148HP Automatic Highline Premium,Petrol,2017,87000,109.0,10800,broad,0,,,True,1.0,0,broad,0,,,True,1.0,0,,,none,False,INSUFFICIENT,"no source reaches 4 comparables (AB n=0, BZ n=0)",autobazar,,,,,
16,Nissan,Qashqai,1.2 115HP Manual Visia,Petrol,2018,118345,85.0,7000,broad,2,12395.0,43.5,True,0.0,0,broad,3,9700.0,27.8,True,0.33,0,21.7,15.7,none,False,INSUFFICIENT,"no source reaches 4 comparables (AB n=2, BZ n=3)",bazos,27.8,https://www.autobazar.eu/detail/nissan-qashqai-12-dig-t-acenta-xtronic-85kw115hp-a1/Ae6eUmDQMzX/ | https://www.autobazar.eu/detail/nissan-qashqai-dig-t-115-tekna-xtronic-85kw115hp-a1/AesMvkbI9WC/,https://auto.bazos.sk/inzerat/194042303/predam-nissan-qashqai-12-dig-t.php | https://auto.bazos.sk/inzerat/193523185/nissan-qashqai-n-way-13-benzin-103kwm62021.php | https://auto.bazos.sk/inzerat/194449671/nissan-qashqai-12-benz-automat.php,,
17,Seat,Leon,1.6 109HP Automatic Stylance,Diesel,2016,213000,80.0,6000,broad,5,5200.0,-15.4,False,0.0,0,broad,3,8700.0,31.0,True,0.0,0,40.2,-46.4,none,True,MEDIUM,"single usable source (AB 5/BZ 3); no cross-check; sample n=5, data complete",autobazar,-15.4,https://www.autobazar.eu/detail/seat-leon-2019/AeREeto_1El/ | https://www.autobazar.eu/detail/seat-leon-20-tdi-ss-xcellence-110kw150hp-m6/AeqdOvyuAVD/ | https://www.autobazar.eu/detail/seat-leon-16-tdi-cr-81kw110hp/AeqCm-lioiZ/,https://auto.bazos.sk/inzerat/193922157/seat-leon-st-fr-20-tdi-automat-dsg-52019-148-225-km.php | https://auto.bazos.sk/inzerat/193768729/predam-seat-leon.php | https://auto.bazos.sk/inzerat/194047107/seat-leon-20-tdi-fr-dsg.php,,
18,Suzuki,Vitara,1.4 139HP Manual Active,Petrol,2020,76000,102.0,13000,moderate,12,14500.0,10.3,False,0.0,1,broad,2,16970.0,23.4,True,0.5,0,14.6,-13.1,none,True,MEDIUM,"single usable source (AB 12/BZ 2); no cross-check; sample n=12, data complete",autobazar,10.3,https://www.autobazar.eu/detail/suzuki-vitara-suzuki-vitara-allgrip-14-boosterjet-at/AeLg31KFRhl/ | https://www.autobazar.eu/detail/suzuki-vitara-16-vvtremium-cr1maj-servkniha/AmqbrOOq3ZX/ | https://www.autobazar.eu/detail/suzuki-vitara-16-vvt-automat-sr1maj/Ae97YkHKLzC/,https://auto.bazos.sk/inzerat/194352325/suzuki-vitara-14-boosterjet-2021-66-500km-kupene-v-sr.php | https://auto.bazos.sk/inzerat/194466044/suzuki-vitara-15-dualjet-hev-2024-44340km.php,,
19,Audi,Q3,1.4 tfsi 150HP man.,Petrol,2018,96000,110.0,10800,moderate,6,22347.0,51.7,False,0.0,0,broad,1,32499.0,66.8,True,0.0,0,31.2,-15.1,none,True,MEDIUM,"single usable source (AB 6/BZ 1); no cross-check; sample n=6, data complete",autobazar,51.7,https://www.autobazar.eu/detail/audi-q3-14-tfsi-s-tronic-110kw150hp/AecOWTHiHpq/ | https://www.autobazar.eu/detail/audi-q3-35-tfsi-automat-servkniha/AerwjvgAeZj/ | https://www.autobazar.eu/detail/audi-q3-35-15-tfsi-mhev-s-tronic/AmsoP4mvIqi/,https://auto.bazos.sk/inzerat/193369896/audi-q3-sportback-40-20tfsi-140kw-quattroslinematrix.php,,
20,Mazda,3,2.0 skyactiv-g 122 hk 4-dørs man. sky,Petrol,2019,116000,90.0,10250,broad,3,17499.0,41.4,True,0.0,0,broad,5,4499.0,-127.8,False,0.83,1,74.3,169.2,none,True,LOW,83% of comparables missing year/km; best sample n=5,bazos,-127.8,https://www.autobazar.eu/detail/mazda-3-20-skyactiv-g122-vam-system/AmJznRADkEy/ | https://www.autobazar.eu/detail/mazda-3-20-skyactiv-g122-plusstylesoundsafety-at/AmN3sm0kSxz/ | https://www.autobazar.eu/detail/mazda-3-20-skyactiv-g150-plus-at-110kw150hp-a6/AeFkLwrfyn8/,https://auto.bazos.sk/inzerat/194143899/top.php | https://auto.bazos.sk/inzerat/194080069/mazda-3-benzin.php | https://auto.bazos.sk/inzerat/194410317/mazda-3-20-benzin.php,,
21,Renault,Mégane,"Sport Tourer 1,6 E-TECH  Plugin-hybrid Zen 160HK Stc Aut.",PHEV,2020,99000,118.0,11500,broad,0,,,True,1.0,0,broad,1,15990.0,28.1,True,1.0,0,,,none,False,INSUFFICIENT,"no source reaches 4 comparables (AB n=0, BZ n=1)",bazos,28.1,,https://auto.bazos.sk/inzerat/194451324/renault-megane-13-tce-160-rsline-edc-117kw-2020.php,,
22,Opel,Insignia,"Sports Tourer 2,0 CDTI Edition Start/Stop 140HK Stc 6g",Diesel,2014,343000,103.0,2400,moderate,8,5200.0,53.8,False,0.0,0,broad,7,6250.0,61.6,False,0.71,0,16.8,-7.8,none,True,MEDIUM,"moderate source disagreement 17%; sample n=8, data complete",autobazar,53.8,https://www.autobazar.eu/detail/opel-insignia-20-cdti-servkniha-nova-stk-tazne/AmKLctYEp3a/ | https://www.autobazar.eu/detail/opel-insignia-20-cdti-servkniha-xenony-tempomat/AmzCevluhom/ | https://www.autobazar.eu/detail/opel-insignia-20-cdti-servkniha-navigacia/AeXVK5kpZw7/,https://auto.bazos.sk/inzerat/193983003/opel-insignia-20-diesel.php | https://auto.bazos.sk/inzerat/193925567/opel-insignia-st-20-cdti-at6-2015.php | https://auto.bazos.sk/inzerat/194476359/opel-insignia-st-2013.php,,
23,Toyota,Verso,"7 pers. 1,8 VVT-I T2 Premium 147HK 6g",Petrol,2018,258000,108.0,7100,broad,2,8700.0,18.4,True,0.0,0,broad,0,,,True,1.0,0,,,none,False,INSUFFICIENT,"no source reaches 4 comparables (AB n=2, BZ n=0)",autobazar,18.4,https://www.autobazar.eu/detail/toyota-verso-18-valvematic-servkniha-tempomat/AmCgW-ANJjw/ | https://www.autobazar.eu/detail/toyota-verso-18-valvematic-automat-cr2maj-tempomat/Amw8fnwPKpK/,,,
24,VW,Golf,"1,4 TSI  Plugin-hybrid GTE DSG 204HK 5d 6g Aut.",PHEV,2018,177000,150.0,9900,broad,0,,,True,1.0,0,broad,0,,,True,1.0,0,,,none,False,INSUFFICIENT,"no source reaches 4 comparables (AB n=0, BZ n=0)",autobazar,,,,,
25,Mazda,Cx-5,"2,0 165 HK Sense AUT",Petrol,2022,54000,121.0,22300,broad,3,28500.0,21.8,True,0.0,0,broad,2,18399.0,-21.2,True,1.0,0,35.4,43.0,none,False,INSUFFICIENT,"no source reaches 4 comparables (AB n=3, BZ n=2)",autobazar,21.8,https://www.autobazar.eu/detail/mazda-cx-5-20-e-skyactiv-g165-mhev-advantage-at-121kw165hp-a6/Aeb41ToEYY-/ | https://www.autobazar.eu/detail/mazda-cx-5-25-e-skyactivg194-mhev-takumi-at-awd-143kw194hp-a6/AeeDQBZeklg/ | https://www.autobazar.eu/detail/mazda-cx-5-20-skyactiv-g165-newground-at-121kw165hp-a6/AeMB2q_cU0U/,https://auto.bazos.sk/inzerat/194430475/mazda-cx-5-22-skyactiv-d-110kw-rv2020.php | https://auto.bazos.sk/inzerat/194348426/mazda-cx-5-20-skyactiv-g-awd-at.php,,
26,Skoda,Kodiaq,1.5 tsi 150 dsg7 7prs style,Petrol,2019,189000,,13600,moderate,8,22400.0,39.3,False,0.0,0,moderate,5,21900.0,37.9,False,0.0,0,2.2,1.4,none,True,HIGH,both sources usable (AB 8/BZ 5); median spread 2% <= 15%; inventory + comparable data complete,autobazar,39.3,https://www.autobazar.eu/detail/skoda-kodiaq-15-tsi-act-sportline-dsg-110kw150hp-a7/AepG9p2guyc/ | https://www.autobazar.eu/detail/skoda-kodiaq-15-tsi-act-sportline-110kw150hp-m6/Aep5AQY365s/ | https://www.autobazar.eu/detail/skoda-kodiaq-15-tsi-act-sportline-dsg-110kw150hp-a7/AemT6P7YiCe/,https://auto.bazos.sk/inzerat/194395054/skoda-kodiaq-15tsi-dsg-rv2021-7miestne.php | https://auto.bazos.sk/inzerat/194142374/skoda-kodiaq-sportline15tsi-rv2652021-172tis-km.php | https://auto.bazos.sk/inzerat/194142294/skoda-kodiaq-sportline15tsi-dsg-rv2021-7miestne.php,,
27,Suzuki,Vitara,"1,6 5-dørs aut.",Petrol,2018,69000,,12000,strict,5,14199.0,15.5,False,0.0,0,broad,3,14250.0,15.8,True,0.67,0,0.4,-0.3,none,True,MEDIUM,"single usable source (AB 5/BZ 3); no cross-check; sample n=5, data complete",autobazar,15.5,https://www.autobazar.eu/detail/suzuki-vitara-14-boosterjet-4x4-automat-servkniha/AeTnsPtVy_x/ | https://www.autobazar.eu/detail/suzuki-vitara-10-boosterjet-automat-servkniha/AmN6BlP5NR-/ | https://www.autobazar.eu/detail/suzuki-vitara-10i-boosterjet-82kw-at6/AmGB_dtEO6l/,https://auto.bazos.sk/inzerat/194249701/suzuki-vitara-14b-allgrip-automat.php | https://auto.bazos.sk/inzerat/194352325/suzuki-vitara-14-boosterjet-2021-66-500km-kupene-v-sr.php | https://auto.bazos.sk/inzerat/194466044/suzuki-vitara-15-dualjet-hev-2024-44340km.php,,
28,Dacia,Duster,"1,5 DCi Ambiance 90HK 5d 6g",Diesel,2014,280000,66.0,2300,broad,8,5450.0,57.8,False,0.0,1,broad,3,7999.0,71.2,True,0.0,0,31.9,-13.4,none,True,MEDIUM,"single usable source (AB 8/BZ 3); no cross-check; sample n=8, data complete",autobazar,57.8,https://www.autobazar.eu/detail/dacia-duster-15-dci/Aeyml9vL7iY/ | https://www.autobazar.eu/detail/dacia-duster-15-dci/AmkQLZhUBJb/ | https://www.autobazar.eu/detail/dacia-duster-15-dci-park-senzory/Amel9_puXaS/,https://auto.bazos.sk/inzerat/194045923/dacia-duster-16-16v-blackwhite-4x4.php | https://auto.bazos.sk/inzerat/194380312/dacia-duster-15-dci-4x4-exception.php | https://auto.bazos.sk/inzerat/194334196/2017-dacia-duster-16i-84kw123-500km-nova-stk-72028.php,,
29,Nissan,Qashqai,"1,3 Dig-T 140 HK N-Connecta",Petrol,2021,66000,103.0,13000,broad,3,23500.0,44.7,True,0.0,0,broad,1,15999.0,18.7,True,0.0,0,31.9,26.0,none,False,INSUFFICIENT,"no source reaches 4 comparables (AB n=3, BZ n=1)",autobazar,44.7,https://www.autobazar.eu/detail/nissan-qashqai-15-e-power-190-hev-tekna-116kw158hp-a1/AeMyM-70F0H/ | https://www.autobazar.eu/detail/nissan-qashqai-2021/AetwDLvzor7/ | https://www.autobazar.eu/detail/nissan-qashqai-13-dig-t-158-mild-hybrid-n-connecta/AmLpnrt3nXa/,https://auto.bazos.sk/inzerat/193523185/nissan-qashqai-n-way-13-benzin-103kwm62021.php,,
30,Mazda,Cx-3,"2,0 SkyActiv-G 121 HK Optimum AUT",Petrol,2019,37000,89.0,15000,moderate,3,14900.0,-0.7,True,0.0,1,broad,4,16640.0,9.9,False,0.75,0,10.5,-10.6,none,True,LOW,75% of comparables missing year/km; best sample n=4,bazos,9.9,https://www.autobazar.eu/detail/mazda-cx-3-20-skyactiv-g-cr2maj-navi-tempomat/Amz7ApepdxL/ | https://www.autobazar.eu/detail/mazda-cx-3-20-skyactiv-g-cr2maj-tempomat/AmekWjQ3ArE/ | https://www.autobazar.eu/detail/mazda-cx-3-20-mt-cr/AeJ2rkXjAPSK/,https://auto.bazos.sk/inzerat/194374942/mazda-cx-3-20-skyactiv-112017.php | https://auto.bazos.sk/inzerat/193583620/mazda-cx-3-20-skyactiv-g121-takumi-89kw121hp-m6.php | https://auto.bazos.sk/inzerat/194143359/mazda-cx-3-20-skyactiv-takumi-89kw-m6-2021.php,,
31,Renault,Captur,"1,3 TCe 130 HK ZEN EDC aut",Petrol,2020,73000,96.0,12700,moderate,4,99100.0,87.2,False,0.0,2,broad,7,9499.0,-33.7,False,0.62,1,90.4,120.9,none,True,LOW,large source disagreement 90%; best sample n=7,bazos,-33.7,https://www.autobazar.eu/detail/renault-captur-13-tce-collection/AeN1GEYKPdP/ | https://www.autobazar.eu/detail/renault-captur-tce-130-gpf-limited/AmzAUA-ioQa/ | https://www.autobazar.eu/detail/renault-captur-12-tce-automat-servkniha/AmzL6v5wc-g/,https://auto.bazos.sk/inzerat/193543523/predam-renault-captur-10tce-2020-74kw-38392km.php | https://auto.bazos.sk/inzerat/194437645/renault-captur-09-tce-66kwrv-2019.php | https://auto.bazos.sk/inzerat/194267678/predam-renault-captur-09tce-66kw-benzin.php,,
32,Toyota,Auris,1.8  Automatic H2 Comfort,Hybrid,2018,282000,,7800,broad,6,11450.0,31.9,False,0.0,0,broad,1,10000.0,22.0,True,0.0,0,12.7,9.9,none,True,MEDIUM,"single usable source (AB 6/BZ 1); no cross-check; sample n=6, data complete",autobazar,31.9,https://www.autobazar.eu/detail/toyota-auris-18-i-vvt-i-hybridsd-executive-73kw99hp-a1-aj-na-splatky-protiucet/AmIFjzn5uJG/ | https://www.autobazar.eu/detail/toyota-auris-18-i-vvt-i-hybridsd-active-family-73kw99hp-a1/Ae4sVj12Z3P/ | https://www.autobazar.eu/detail/toyota-auris-hybrid-automat-kuze-tempomat/AmBmYGS_GIp/,https://auto.bazos.sk/inzerat/194370682/toyota-auris-combi-18-hybrid.php,,
33,BMW,X3,2.0 249HP Automatic xDrive 30i,Petrol,2019,139900,183.0,20000,broad,2,29745.0,32.8,True,0.0,0,broad,1,26490.0,24.5,True,1.0,0,10.9,8.3,none,False,INSUFFICIENT,"no source reaches 4 comparables (AB n=2, BZ n=1)",autobazar,32.8,https://www.autobazar.eu/detail/bmw-x3-xdrive30i-m-sport-at-185kw252hp-a8/AeazTplwzOQ/ | https://www.autobazar.eu/detail/bmw-x3-xdrive30i-2018-185kw-harman-kardon-xline/AmL5MclIzrE/,https://auto.bazos.sk/inzerat/192852073/bmw-x3-xdrive30d-luxury-line-at-195kw-rv-072019.php,,
34,Skoda,Karoq,1.5 148HP Automatic Celebration,Petrol,2021,71700,109.0,18500,moderate,9,22990.0,19.5,False,0.0,0,broad,5,24499.0,24.5,False,0.2,0,6.2,-5.0,none,True,HIGH,both sources usable (AB 9/BZ 5); median spread 6% <= 15%; inventory + comparable data complete,autobazar,19.5,https://www.autobazar.eu/detail/skoda-karoq-15-tsi-act-evo-sportline-dsg-110kw150hp-a7/AesDlf9-CRm/ | https://www.autobazar.eu/detail/skoda-karoq-style-15-tsi-110-kw-7-stup-automat/AeiHjbLkYrp/ | https://www.autobazar.eu/detail/skoda-karoq-15-tsi-act-sportline-dsg-110kw150hp-a7/AewCVipUM8K/,https://auto.bazos.sk/inzerat/194370105/predam-skoda-karoq-sportline.php | https://auto.bazos.sk/inzerat/193601466/skoda-karoq-15-tsi-110kw-2023-1majitel-41000-km-zaruka.php | https://auto.bazos.sk/inzerat/194057324/skoda-karoq-15tsi-110kw-dsg-2023-style-74tis-km-1majitel.php,,
35,Volkswagen,Golf,1.5 148HP Automatic Comfortline,Petrol,2019,207000,109.0,7500,broad,3,10300.0,27.2,True,0.0,0,broad,5,13900.0,46.0,False,0.2,0,25.9,-18.8,none,True,MEDIUM,"single usable source (AB 3/BZ 5); no cross-check; sample n=5, data complete",bazos,46.0,https://www.autobazar.eu/detail/vw-golf-10-tsi-klima-tempomat/AeL4UqZOH00/ | https://www.autobazar.eu/detail/volkswagen-golf-7-variant-highline-15-tsi-110kw-dsg-alu-17/AmVqzVTPvRW/ | https://www.autobazar.eu/detail/volkswagen-golf-style-15-tsi-110kw-alu-18-zimni-sada/Am1b-pTjq5g/,https://auto.bazos.sk/inzerat/194395619/volkswagen-golf-combi-15tsi-dsg-r-line-rv2021-174tis-km.php | https://auto.bazos.sk/inzerat/194207418/volkswagen-golf-14-tsi-bmt-comfortline-eu6-m6.php | https://auto.bazos.sk/inzerat/194323806/volkswagen-golf-7-variant-14-tsi-r-line-92kw-2016.php,,
36,Nissan,Qashqai,1.2 114HP Manual Visia,Petrol,2017,103480,84.0,6500,broad,4,10100.0,35.6,False,0.0,0,broad,2,8800.0,26.1,True,0.5,0,12.9,9.5,none,True,MEDIUM,"single usable source (AB 4/BZ 2); no cross-check; sample n=4, data complete",autobazar,35.6,https://www.autobazar.eu/detail/nissan-qashqai-12-dig-t-acenta-xtronic-85kw115hp-a1/Ae6eUmDQMzX/ | https://www.autobazar.eu/detail/nissan-qashqai-12-dig-t-tekna-85kw115hp-m6/AeFVNHsBzoV/ | https://www.autobazar.eu/detail/nissan-qashqai-dig-t-115-tekna-xtronic-85kw115hp-a1/AesMvkbI9WC/,https://auto.bazos.sk/inzerat/194042303/predam-nissan-qashqai-12-dig-t.php | https://auto.bazos.sk/inzerat/194449671/nissan-qashqai-12-benz-automat.php,,
37,BMW,3 Series,2.0 182HP Automatic 320i M-sport,Petrol,2019,113000,134.0,13500,broad,0,,,True,1.0,0,broad,0,,,True,1.0,0,,,none,False,INSUFFICIENT,"no source reaches 4 comparables (AB n=0, BZ n=0)",autobazar,,,,category slug bmw/3-series 404 -> keyword fallback,
38,Toyota,Auris,1.8  Automatic H4,Hybrid,2018,160000,,10200,moderate,4,12822.5,20.5,False,0.0,0,broad,1,10000.0,-2.0,True,0.0,0,22.0,22.5,none,True,MEDIUM,"single usable source (AB 4/BZ 1); no cross-check; sample n=4, data complete",autobazar,20.5,https://www.autobazar.eu/detail/toyota-auris-18-i-vvt-i-hybridsd-active-family-73kw99hp-a1/Ae4sVj12Z3P/ | https://www.autobazar.eu/detail/toyota-auris-2017/AeySZuKHjOt/ | https://www.autobazar.eu/detail/toyota-auris-18-hybridkameraaut-klima/AbxWRyFgaZE/,https://auto.bazos.sk/inzerat/194370682/toyota-auris-combi-18-hybrid.php,,
39,Skoda,Octavia,2.0 148HP Automatic Style,Diesel,2020,209945,109.0,8800,moderate,4,16391.5,46.3,False,0.0,0,moderate,7,14950.0,41.1,False,0.0,0,8.8,5.2,none,True,HIGH,both sources usable (AB 4/BZ 7); median spread 9% <= 15%; inventory + comparable data complete,bazos,41.1,https://www.autobazar.eu/detail/skoda-octavia-20-tdi-automat-navigacia-klima/Ae_aCXLImsJ/ | https://www.autobazar.eu/detail/skoda-octavia-20-tdi-dsg/AeSbpmnuYzp/ | https://www.autobazar.eu/detail/skoda-octavia-4-combi-20-tdi-110kw-dsg-alu-16/Am0DHJnnsJ3/,https://auto.bazos.sk/inzerat/194449539/skoda-octavia-combi-20-tdi-dsg-clever-led-navi-acc-r16.php | https://auto.bazos.sk/inzerat/194358742/skoda-octavia-combi-20-tdi-110-kw-2022-odpocet-dph.php | https://auto.bazos.sk/inzerat/194300069/skoda-octavia-20-tdi-dsg-acc-pano.php,,
40,Mazda,Cx-3,2.0 119HP Manual Vision,Petrol,2017,116949,88.0,10000,strict,4,10800.0,7.4,False,0.0,1,broad,2,14995.0,33.3,True,1.0,0,28.0,-25.9,none,True,MEDIUM,"single usable source (AB 4/BZ 2); no cross-check; sample n=4, data complete",autobazar,7.4,https://www.autobazar.eu/detail/mazda-cx-3-20-skyactiv-g/AmkLGCnlbQO/ | https://www.autobazar.eu/detail/mazda-cx-3-20-skyactiv-g-po-stk/AeiS0ZGRQqV/ | https://www.autobazar.eu/detail/mazda-cx-3-20-skyactiv-gattraction-tempomat/AmnmKgQasB1/,https://auto.bazos.sk/inzerat/194374942/mazda-cx-3-20-skyactiv-112017.php | https://auto.bazos.sk/inzerat/194142745/mazda-cx-3-20-skyactiv-revolution-89kw-m6-2019.php,,
41,Dacia,Duster,1.3 148HP Automatic Journey,Petrol,2024,24000,109.0,17600,broad,2,15095.0,-16.6,True,0.0,0,broad,1,17499.0,-0.6,True,0.0,0,13.7,-16.0,none,False,INSUFFICIENT,"no source reaches 4 comparables (AB n=2, BZ n=1)",autobazar,-16.6,https://www.autobazar.eu/detail/dacia-duster-13-tce-150-extreme-4x2-edc/AelDbsPlLjG/ | https://www.autobazar.eu/detail/dacia-duster-tce-96-ss-gpf-celebration-4x4-96kw130hp-m6/Ae-WUTVZ3pm/,https://auto.bazos.sk/inzerat/194251533/dacia-duster-13-tce-4x4-journey-47-930kmslovenske-vozidlo.php,,
42,Peugeot,3008,1.6 179HP Automatic GT Line,Hybrid,2020,73000,132.0,15000,broad,0,,,True,1.0,0,broad,1,14000.0,-7.1,True,1.0,0,,,none,False,INSUFFICIENT,"no source reaches 4 comparables (AB n=0, BZ n=1)",bazos,-7.1,,https://auto.bazos.sk/inzerat/194443811/peugeot-3008-15-bluehdi.php,,
43,Mercedes,Gla-Class,1.6 154HP Automatic GLA 200,Petrol,2017,221000,113.0,9800,broad,0,,,True,1.0,0,broad,0,,,True,1.0,0,,,none,False,INSUFFICIENT,"no source reaches 4 comparables (AB n=0, BZ n=0)",autobazar,,,,category slug mercedes-benz/gla-class 404 -> keyword fallback,BLOCKED: Unexpected HTTP 404 for 'https://auto.bazos.sk/?hledat=Mercedes+Gla-Class&hlokalita=&humkreis=25&cenaod=&cenado=&crp=20'.
44,Nissan,Qashqai,1.2 114HP Manual Acenta,Petrol,2016,110000,84.0,6400,moderate,4,10100.0,36.6,False,0.0,0,broad,2,8800.0,27.3,True,0.5,0,12.9,9.3,none,True,MEDIUM,"single usable source (AB 4/BZ 2); no cross-check; sample n=4, data complete",autobazar,36.6,https://www.autobazar.eu/detail/nissan-qashqai-12-dig-t-acenta-xtronic-85kw115hp-a1/Ae6eUmDQMzX/ | https://www.autobazar.eu/detail/nissan-qashqai-12-dig-t-tekna-85kw115hp-m6/AeFVNHsBzoV/ | https://www.autobazar.eu/detail/nissan-qashqai-dig-t-115-tekna-xtronic-85kw115hp-a1/AesMvkbI9WC/,https://auto.bazos.sk/inzerat/194042303/predam-nissan-qashqai-12-dig-t.php | https://auto.bazos.sk/inzerat/194449671/nissan-qashqai-12-benz-automat.php,,
45,Opel,Corsa,1.4 74HP Manual Enjoy,Petrol,2016,94460,54.0,5600,broad,6,3695.0,-51.6,False,0.0,0,broad,1,7490.0,25.2,True,0.0,0,50.7,-76.8,none,True,MEDIUM,"single usable source (AB 6/BZ 1); no cross-check; sample n=6, data complete",autobazar,-51.6,https://www.autobazar.eu/detail/opel-corsa-12-16v-drive/Amkb0nTdqLX/ | https://www.autobazar.eu/detail/opel-corsa-12-16v-cosmo-2014-benzin-plus-lpg-101-000-km-63-kw-m-5-st-poskodeny-motor/AmdrCZ_LqOTf/ | https://www.autobazar.eu/detail/opel-corsa-10-cr2maj-servkniha/AmBAqWYuHTo/,https://auto.bazos.sk/inzerat/194013945/opel-corsa-e-14t-74kw-2015.php,,
46,Mazda,Cx-5,2.5 192HP Automatic Optimum AWD,Petrol,2018,137043,141.0,16000,strict,4,20225.0,20.9,False,0.0,0,broad,3,21500.0,25.6,True,0.67,0,5.9,-4.7,none,True,MEDIUM,"single usable source (AB 4/BZ 3); no cross-check; sample n=4, data complete",autobazar,20.9,https://www.autobazar.eu/detail/mazda-cx-5-25-skyactiv-g194-revolution-top-awd-at/AmAXJ_BUaFv/ | https://www.autobazar.eu/detail/mazda-cx-5-25-skyactiv-g194-attraction-at/AmSckmBGhO6/ | https://www.autobazar.eu/detail/mazda-cx-5-25-skyactiv-g194-revolution-plus-awd-at-143kw193hp-a6/AelomuZNayM/,https://auto.bazos.sk/inzerat/194336903/mazda-cx-5.php | https://auto.bazos.sk/inzerat/193955056/mazda-cx-5-awd-benzin-143kw-4x4-automat-1-majitel.php | https://auto.bazos.sk/inzerat/194348426/mazda-cx-5-20-skyactiv-g-awd-at.php,,
47,Fiat,500X,1.0 119HP Manual Cross,Petrol,2018,141619,88.0,6500,broad,10,9895.0,34.3,False,0.0,1,moderate,3,9600.0,32.3,True,0.75,1,3.0,2.0,none,True,MEDIUM,"single usable source (AB 10/BZ 3); no cross-check; sample n=10, data complete",autobazar,34.3,https://www.autobazar.eu/detail/fiat-500x-10-l-cross/Aemf35xa4Taz/ | https://www.autobazar.eu/detail/fiat-500x-14-multiair-klima-tempomat/AeOlITxrz_C/ | https://www.autobazar.eu/detail/fiat-500x-14-multiair-cross/AmyxiN-dj4u/,https://auto.bazos.sk/inzerat/194431739/fiat-500x-10-firefly-edice-mirror-krasavec.php | https://auto.bazos.sk/inzerat/194285493/fiat-500x-16-81kw-pop-star-2017-navi-digklima.php | https://auto.bazos.sk/inzerat/193988015/fiat-500x-16-pop-star-81-kw-top-km-park-senzory.php,,
48,Skoda,Kamiq,1.0 109HP Manual Tour de France,Petrol,2022,88400,80.0,12500,moderate,15,14600.0,14.4,False,0.0,0,broad,4,18245.0,31.5,False,0.5,0,20.0,-17.1,none,True,MEDIUM,"moderate source disagreement 20%; sample n=15, data complete",autobazar,14.4,https://www.autobazar.eu/detail/skoda-kamiq-10-tsi-joy-81kw-v-zaruke-elkufor-full-led-full-kessy-parkovacia-kamera/AmUdoxr3zRx/ | https://www.autobazar.eu/detail/skoda-kamiq-10-tsi-ambition/AmPiN3lWwBf/ | https://www.autobazar.eu/detail/skoda-kamiq-10-tsi-ambition-servkniha-klima/Ae2wSkQtXNR/,https://auto.bazos.sk/inzerat/194376105/skoda-kamiq-10-tsi-style-dsg.php | https://auto.bazos.sk/inzerat/194383824/skoda-kamiq-15-tsi-style-dsg-98000km-2021.php | https://auto.bazos.sk/inzerat/193395013/skoda-kamiq-15-tsi-2022-dsg-v-zaruke.php,,
49,Audi,A5,1.8 143HP Automatic S-Line,Petrol,2016,219500,105.0,7500,broad,0,,,True,1.0,0,broad,1,9400.0,20.2,True,1.0,0,,,none,False,INSUFFICIENT,"no source reaches 4 comparables (AB n=0, BZ n=1)",bazos,20.2,,https://auto.bazos.sk/inzerat/194223013/audi-a5-coupe-20-tfsi-2011-132kw-191kw.php,,
50,Ford,S-Max,1.5 159HP Manual Titanium,Petrol,2017,330000,117.0,3800,broad,0,,,True,1.0,0,broad,4,8644.5,56.0,False,0.5,0,,,none,True,LOW,50% of comparables missing year/km; best sample n=4,bazos,56.0,,https://auto.bazos.sk/inzerat/194260239/predam-ford-s-max-2019-rv-20-tdci-st-line.php | https://auto.bazos.sk/inzerat/194465832/ford-s-max-20i-107kw-titanium-odp-dph-7-mist.php | https://auto.bazos.sk/inzerat/194451786/ford-s-max-20-tdci-110kw-at6-7-miestne.php,,
51,Mercedes,B-Class,1.6 121HP Manual B 180,Petrol,2015,161000,89.0,6800,broad,0,,,True,1.0,0,broad,0,,,True,1.0,0,,,none,False,INSUFFICIENT,"no source reaches 4 comparables (AB n=0, BZ n=0)",autobazar,,,,category slug mercedes-benz/b-class 404 -> keyword fallback,
52,Mazda,Cx-5,2.0 163HP Automatic Sky,Petrol,2021,37500,120.0,20500,broad,4,28499.5,28.1,False,0.0,0,broad,5,21490.0,4.6,False,1.0,0,24.6,23.5,none,True,MEDIUM,"moderate source disagreement 25%; sample n=5, data complete",bazos,4.6,https://www.autobazar.eu/detail/mazda-cx-5-25-e-skyactiv-g194-mhev-exclusive-line-at/AmYICmzTYa3/ | https://www.autobazar.eu/detail/mazda-cx-5-20-e-skyactiv-g165-mhev-advantage-at-121kw165hp-a6/Aeb41ToEYY-/ | https://www.autobazar.eu/detail/mazda-cx-5-25-e-skyactivg194-mhev-takumi-at-awd-143kw194hp-a6/AeeDQBZeklg/,https://auto.bazos.sk/inzerat/194371869/mazda-cx-5-revolution-top-awd-25-benzin-59000-km-2018.php | https://auto.bazos.sk/inzerat/194430475/mazda-cx-5-22-skyactiv-d-110kw-rv2020.php | https://auto.bazos.sk/inzerat/193975496/mazda-cx-5-25-benzin-4x4.php,,
53,Audi,Q2,1.5 148HP Automatic 35 TFSI,Petrol,2020,158266,109.0,12000,broad,9,16990.0,29.4,False,0.0,0,broad,2,14990.0,19.9,True,0.0,0,11.8,9.5,none,True,MEDIUM,"single usable source (AB 9/BZ 2); no cross-check; sample n=9, data complete",autobazar,29.4,https://www.autobazar.eu/detail/audi-q2-14-tfsi-s-line-110kw-black-edition-2017/AmyCMcPR6TP/ | https://www.autobazar.eu/detail/audi-q2-14-tfsi-cod-s-tronic-sport-110kw150hp-a7/AeLe2WTEQJB/ | https://www.autobazar.eu/detail/audi-q2-15/Aetd14zEsby/,https://auto.bazos.sk/inzerat/193325471/audi-q2-sport-14-tsi.php | https://auto.bazos.sk/inzerat/194461202/audi-q2-35-tfsi-s-edition-automatic.php,,
54,Citroen,C3,"1,2 PureTech Le Mans 83HK 5d",Petrol,2021,73000,61.0,7000,broad,2,8595.0,18.6,True,0.0,0,broad,7,7990.0,12.4,False,0.43,0,7.0,6.2,none,True,LOW,43% of comparables missing year/km; best sample n=7,bazos,12.4,https://www.autobazar.eu/detail/citroen-c3-puretech-110-sands-shine-pack/AmjGJLZ_9i1/ | https://www.autobazar.eu/detail/citroen-c3-puretech-82-sands-shine/AmRFdLFNd1b/,https://auto.bazos.sk/inzerat/194430083/citroen-c3-12-puretech.php | https://auto.bazos.sk/inzerat/193602999/citroen-c3-aircross-najvyssia-vybava-shine-zarukan.php | https://auto.bazos.sk/inzerat/193906775/citroen-c3-puretech-shine-pack-sk-auto-55-008-km.php,,
55,VW,Polo,"1,4 TDI BMT Highline 90HK 5d",Diesel,2014,280000,66.0,2300,broad,5,3999.0,42.5,False,0.0,0,broad,2,7000.0,67.1,True,0.5,0,42.9,-24.6,none,True,MEDIUM,"single usable source (AB 5/BZ 2); no cross-check; sample n=5, data complete",autobazar,42.5,https://www.autobazar.eu/detail/volkswagen-polo-14-tdi-bmt-comfortline-66kw90hp-m5/Aern2VUxiur/ | https://www.autobazar.eu/detail/vw-polo-12-tdi-servkniha/Amv1xwQOdh7/ | https://www.autobazar.eu/detail/volkswagen-polo-16-tdi-90k-comfortline/AmZmj12RMdS/,https://auto.bazos.sk/inzerat/194062782/vw-golf-variant-highline.php | https://auto.bazos.sk/inzerat/194453768/vw-polo-14-tdi-66kw-comfortline-2015-2x-alu-stk-10202.php,,
56,Skoda,Fabia,"1,0 TSI Ambition 95HK 5d",Petrol,2018,92000,70.0,6300,moderate,5,9390.0,32.9,False,0.0,0,broad,6,7395.0,14.8,False,0.62,2,21.2,18.1,none,True,MEDIUM,"moderate source disagreement 21%; sample n=6, data complete",bazos,14.8,https://www.autobazar.eu/detail/skoda-fabia-12-tsiklima-park-senzory-po-stk/Aeh3ruWSewV/ | https://www.autobazar.eu/detail/skoda-fabia-10-ambition-sr2maj/Ae0gnoa0sCt/ | https://www.autobazar.eu/detail/skoda-fabia-10-tsi-110k-style-dsg-81kw110hp-a7/AezQ3eQ5Sny/,https://auto.bazos.sk/inzerat/194346823/skoda-fabia-10-mpi-manual-146-627-km.php | https://auto.bazos.sk/inzerat/194269861/skoda-fabia-12-benzin.php | https://auto.bazos.sk/inzerat/194423484/skoda-fabia-12htp.php,,
57,VW,Passat,"2,0 TDI DSG 140HK 6g Aut.",Diesel,2006,386000,103.0,900,moderate,7,2490.0,63.9,False,0.0,1,broad,3,14499.0,93.8,True,0.67,0,82.8,-29.9,none,True,MEDIUM,"single usable source (AB 7/BZ 3); no cross-check; sample n=7, data complete",autobazar,63.9,https://www.autobazar.eu/detail/volkswagen-passat-20-tdi-comfortline-dsg-103kw140hp-a6/AeEi7xXqd0r/ | https://www.autobazar.eu/detail/vw-passat-19-tdi-automat-po-stk-klima/AmSxpL5Qjop/ | https://www.autobazar.eu/detail/vw-passat-20-tdi-klima-tempomat/AmtM6FKh521/,https://auto.bazos.sk/inzerat/194432957/vw-passat-b85-20-tdi-110-kw-dsg.php | https://auto.bazos.sk/inzerat/193817915/volkswagen-passat-variant-20-tdi-dsg103-kw-2-sady-kolies.php | https://auto.bazos.sk/inzerat/193956701/volkswagen-passat-b8-combi-dsg-20-tdi-90kw.php,,
58,Peugeot,2008,"1,2 VTi Allure 82HK",Petrol,2014,180000,60.0,2500,broad,2,6695.0,62.7,True,0.0,0,broad,3,6200.0,59.7,True,0.67,0,7.4,3.0,none,False,INSUFFICIENT,"no source reaches 4 comparables (AB n=2, BZ n=3)",bazos,59.7,https://www.autobazar.eu/detail/peugeot-2008-12-vti-active-60kw82hp-m5/AeSg-ctzA5u/ | https://www.autobazar.eu/detail/peugeot-2008-12-puretech-active-12-puretech-82k/Amnkw6vUXmI/,https://auto.bazos.sk/inzerat/194394327/predam-peugeot-2008-12.php | https://auto.bazos.sk/inzerat/194112517/peugeot-2008rok-2015-automat-12-benzin-puretech.php | https://auto.bazos.sk/inzerat/194462919/peugeot-2008-12-puretech-automat-lita-kola-navi-tazne-zar.php,,
59,Opel,Astra,"1,0 Turbo Enjoy 105HK 5d",Petrol,2017,179000,77.0,3200,moderate,6,6400.0,50.0,False,0.0,0,broad,6,7700.0,58.4,False,0.67,0,16.9,-8.4,none,True,MEDIUM,"moderate source disagreement 17%; sample n=6, data complete",autobazar,50.0,https://www.autobazar.eu/detail/opel-astra-10-turbo-enjoy-automat-koza-klima/AeTy0eiUQgx/ | https://www.autobazar.eu/detail/opel-astra-14-16v-active-klima-tempomat/AechXyLn76l/ | https://www.autobazar.eu/detail/opel-astra-14-t-enjoy-sr1maj-servkniha/AeBahZVYeGV/,https://auto.bazos.sk/inzerat/194160763/opel-astra-sport-tourer-st-12-turbo.php | https://auto.bazos.sk/inzerat/194290699/opel-astra-12-96kw-2020-m6-150tkm.php | https://auto.bazos.sk/inzerat/194460919/opel-astra-14-t-tempomat-park-senzory-vyhr-sedaciek.php,,
60,Suzuki,Vitara,"1,0 boosterjet 5-dørs Active",Petrol,2019,72000,,11700,strict,5,14700.0,20.4,False,0.0,0,broad,3,14250.0,17.9,True,0.67,0,3.1,2.5,none,True,MEDIUM,"single usable source (AB 5/BZ 3); no cross-check; sample n=5, data complete",autobazar,20.4,https://www.autobazar.eu/detail/suzuki-vitara-suzuki-vitara-allgrip-14-boosterjet-at/AeLg31KFRhl/ | https://www.autobazar.eu/detail/suzuki-vitara-10-boosterjet-automat-servkniha/AmN6BlP5NR-/ | https://www.autobazar.eu/detail/suzuki-vitara-10i-boosterjet-82kw-at6/AmGB_dtEO6l/,https://auto.bazos.sk/inzerat/194249701/suzuki-vitara-14b-allgrip-automat.php | https://auto.bazos.sk/inzerat/194352325/suzuki-vitara-14-boosterjet-2021-66-500km-kupene-v-sr.php | https://auto.bazos.sk/inzerat/194466044/suzuki-vitara-15-dualjet-hev-2024-44340km.php,,
61,Kia,Sportage,"1,6 CRDI 136 HK Intro Edition DCT aut",Diesel,2019,141000,100.0,11800,broad,9,15490.0,23.8,False,0.0,0,broad,4,11999.0,1.7,False,0.5,0,22.5,22.1,none,True,MEDIUM,"moderate source disagreement 23%; sample n=9, data complete",autobazar,23.8,https://www.autobazar.eu/detail/kia-sportage-16-crdi-gt-line-4x4-automat-sr/AefF07Pr7C8/ | https://www.autobazar.eu/detail/kia-sportage-17-crdi-navigacia-klima-tempomat/AeDorSBV5Cj/ | https://www.autobazar.eu/detail/kia-sportage-16-crdi-mhev-gold-4wd-at/AmqivipkEO0/,https://auto.bazos.sk/inzerat/194376967/kia-sportage-17-crdi-silver.php | https://auto.bazos.sk/inzerat/194392876/kia-sportage-2022-16-crdi-mhev-neburane.php | https://auto.bazos.sk/inzerat/194373637/kia-sportage-17-crdi-2wd-gold.php,,
62,Nissan,Qashqai,1.6 130HP Automatic Acenta,Diesel,2015,159000,96.0,7000,moderate,4,7450.0,6.0,False,0.0,0,moderate,5,7900.0,11.4,False,1.0,0,5.7,-5.4,none,True,HIGH,both sources usable (AB 4/BZ 5); median spread 6% <= 15%; inventory + comparable data complete,bazos,11.4,https://www.autobazar.eu/detail/nissan-qashqai-dci-130-xtronic-tekna/AmbBRjBSt3k/ | https://www.autobazar.eu/detail/nissan-qashqai-15-dci/AmFxrL5JorA/ | https://www.autobazar.eu/detail/nissan-qashqai-16-dci-servkniha-navi-tempomat/AmICQah0JB9/,https://auto.bazos.sk/inzerat/194042303/predam-nissan-qashqai-12-dig-t.php | https://auto.bazos.sk/inzerat/194350984/nissan-qashqai-diesel.php | https://auto.bazos.sk/inzerat/194480019/nissan-qashqai-16-dci-edition-premier-j11.php,,
63,Opel,Zafira,1.4 139HP Automatic Enjoy,Petrol,2016,124000,102.0,7200,broad,1,5800.0,-24.1,True,0.0,0,broad,1,11990.0,39.9,True,1.0,0,51.6,-64.0,none,False,INSUFFICIENT,"no source reaches 4 comparables (AB n=1, BZ n=1)",autobazar,-24.1,https://www.autobazar.eu/detail/opel-zafira-18-7-mist/AmE-1vGLLEK/,https://auto.bazos.sk/inzerat/194261789/opel-zafira-14-turbo-103kw-7-miest-105-000-km-top-stav.php,,
64,Suzuki,Vitara,"1,4 129HP Manuel Adventure",Petrol,2023,83000,95.0,15500,broad,3,14600.0,-6.2,True,0.0,1,broad,2,16970.0,8.7,True,0.5,0,14.0,-14.9,none,False,INSUFFICIENT,"no source reaches 4 comparables (AB n=3, BZ n=2)",autobazar,-6.2,https://www.autobazar.eu/detail/suzuki-vitara-14-boosterjet-mildhybrid-comfort-2wd/AmU6GPXd-v6/ | https://www.autobazar.eu/detail/suzuki-vitara-14-boosterjetelegance-lpg-servkniha/AmhmwErrIZx/ | https://www.autobazar.eu/detail/suzuki-vitara-14-boosterjet-sr2maj-servkniha-klima/Ae8xJfva4Um/,https://auto.bazos.sk/inzerat/194352325/suzuki-vitara-14-boosterjet-2021-66-500km-kupene-v-sr.php | https://auto.bazos.sk/inzerat/194466044/suzuki-vitara-15-dualjet-hev-2024-44340km.php,,
65,Renault,Captur,0.9 89HP Manual TCe,Petrol,2017,140312,65.0,5500,strict,4,5900.0,6.8,False,0.0,0,strict,3,6750.0,18.5,True,0.5,1,12.6,-11.7,none,True,MEDIUM,"single usable source (AB 4/BZ 3); no cross-check; sample n=4, data complete",autobazar,6.8,https://www.autobazar.eu/detail/renault-captur-renault-captur/AefrgMKYA2V/ | https://www.autobazar.eu/detail/renault-captur-energy-tce-90-advantage-66kw90hp-m5/AeRuC7XTj60/ | https://www.autobazar.eu/detail/renault-captur-09-tce-servkniha-klima-tempomat/Aeq3_AVM5HM/,https://auto.bazos.sk/inzerat/194267678/predam-renault-captur-09tce-66kw-benzin.php | https://auto.bazos.sk/inzerat/193034949/predam-renault-captur-09-tcerv2016.php | https://auto.bazos.sk/inzerat/194280629/predam-zimny-komplet-renault-capture.php,,
66,Volkswagen,T-Cross,1.0 115HP Manual -,Petrol,2019,89309,85.0,11300,moderate,10,14895.0,24.1,False,0.0,0,broad,3,12999.0,13.1,True,0.33,0,12.7,11.0,none,True,MEDIUM,"single usable source (AB 10/BZ 3); no cross-check; sample n=10, data complete",autobazar,24.1,https://www.autobazar.eu/detail/volkswagen-t-cross-volkswagen-t-cross-2020-automat/Ae9WPJ-Mvs7/ | https://www.autobazar.eu/detail/volkswagen-t-cross-10-tsi-life/AbMwULrL7jW/ | https://www.autobazar.eu/detail/vw-t-cross-10-tsi-t-cross-servkniha-klima/AePo_TFJilE/,https://auto.bazos.sk/inzerat/194379105/volkswagen-t-cross-10tsimanual70kwsuper-stav.php | https://auto.bazos.sk/inzerat/194353912/volkswagen-t-cross-2020.php | https://auto.bazos.sk/inzerat/194233319/volkswagen-t-cross-10-tsi-style-mozny-leasing.php,,
67,Opel,Astra,1.4 148HP Automatic Innovation,Petrol,2016,122600,109.0,6500,moderate,4,8800.0,26.1,False,0.0,0,broad,5,7900.0,17.7,False,0.6,0,10.2,8.4,none,True,HIGH,both sources usable (AB 4/BZ 5); median spread 10% <= 15%; inventory + comparable data complete,bazos,17.7,https://www.autobazar.eu/detail/opel-astra-14-turbo-150k-innovation/AmN_Cow31aq/ | https://www.autobazar.eu/detail/opel-astra-14-t-enjoy-sr2maj-servkniha/AeyAWwNEd9e/ | https://www.autobazar.eu/detail/opel-astra-14-t-enjoy-sr1maj-servkniha/AeBahZVYeGV/,https://auto.bazos.sk/inzerat/194160763/opel-astra-sport-tourer-st-12-turbo.php | https://auto.bazos.sk/inzerat/194460919/opel-astra-14-t-tempomat-park-senzory-vyhr-sedaciek.php | https://auto.bazos.sk/inzerat/194392254/opel-astra-14-ecoflex-benzin-168-tis-km-5-st-manual.php,,
68,Volkswagen,Tiguan,1.5 148HP Automatic Life,Petrol,2020,143353,109.0,17000,moderate,5,18000.0,5.6,False,0.0,0,moderate,4,19445.0,12.6,False,0.0,0,7.4,-7.0,none,True,HIGH,both sources usable (AB 5/BZ 4); median spread 7% <= 15%; inventory + comparable data complete,autobazar,5.6,https://www.autobazar.eu/detail/volkswagen-tiguan-15-tsi-evo-tiguan-96kw130hp-m6/AeOSvx0iw9A/ | https://www.autobazar.eu/detail/volkswagen-tiguan-15-tsi-evo-opf-130k-comfortline-96kw130hp-m6/AeLqAG15QUu/ | https://www.autobazar.eu/detail/volkswagen-tiguan-14-tsi-act-bmt-4motion-150k-edition-comfortline-dsg-110kw150hp-a6/Aeo0VUyU0PR/,https://auto.bazos.sk/inzerat/194394238/volkswagen-tiguan-15tsi-2019173tispanoramafull-led.php | https://auto.bazos.sk/inzerat/194065820/volkswagen-tiguan-15tsi-rv112021127tis-kmfull-ledhead.php | https://auto.bazos.sk/inzerat/194039032/volkswagen-tiguan-15-tsi-evo-life.php,,
69,Skoda,Karoq,1.5 148HP Automatic STYLE Pano,Petrol,2020,115000,109.0,16000,moderate,6,20745.0,22.9,False,0.0,0,broad,6,20994.5,23.8,False,0.17,0,1.2,-0.9,none,True,HIGH,both sources usable (AB 6/BZ 6); median spread 1% <= 15%; inventory + comparable data complete,autobazar,22.9,https://www.autobazar.eu/detail/skoda-karoq-15-tsi-act-style-dsg-110kw150hp-a7/Ae7Ay7bnle6/ | https://www.autobazar.eu/detail/skoda-karoq-15-tsi-act-sportline-dsg/AmM2dFvi-0r/ | https://www.autobazar.eu/detail/skoda-karoq-style-15-tsi-110-kw-7-stup-automat/AeiHjbLkYrp/,https://auto.bazos.sk/inzerat/194392972/skoda-karoq-sportline-15tsi-rv1572020-179tis-virtual.php | https://auto.bazos.sk/inzerat/194370105/predam-skoda-karoq-sportline.php | https://auto.bazos.sk/inzerat/194287106/skoda-karoq-15-tsi-act-sportline-dsg.php,,
70,Suzuki,Vitara,1.4 128HP Manual Active,Petrol,2021,79000,94.0,13000,moderate,7,14500.0,10.3,False,0.0,1,broad,2,16970.0,23.4,True,0.5,0,14.6,-13.1,none,True,MEDIUM,"single usable source (AB 7/BZ 2); no cross-check; sample n=7, data complete",autobazar,10.3,https://www.autobazar.eu/detail/suzuki-vitara-suzuki-vitara-allgrip-14-boosterjet-at/AeLg31KFRhl/ | https://www.autobazar.eu/detail/suzuki-vitara-14-boosterjet-mildhybrid-comfort-2wd/AmU6GPXd-v6/ | https://www.autobazar.eu/detail/suzuki-vitara-14-boosterjet-automat-cr2maj/Am9X62HD-B8/,https://auto.bazos.sk/inzerat/194352325/suzuki-vitara-14-boosterjet-2021-66-500km-kupene-v-sr.php | https://auto.bazos.sk/inzerat/194466044/suzuki-vitara-15-dualjet-hev-2024-44340km.php,,
71,Toyota,Corolla,1.8  Automatic H3,Hybrid,2019,49000,,16300,broad,2,17890.0,8.9,True,0.0,0,broad,3,20990.0,22.3,True,1.0,0,14.8,-13.4,none,False,INSUFFICIENT,"no source reaches 4 comparables (AB n=2, BZ n=3)",bazos,22.3,https://www.autobazar.eu/detail/toyota-corolla-sedan-18-hybrid-comfort-2019-82700-km/AeGubhVjmTm/ | https://www.autobazar.eu/detail/toyota-corolla-18-hybrid-e-cvt-comfort-72kw-at/AmhOXUb530y/,https://auto.bazos.sk/inzerat/194286952/toyota-corolla-ts-gr-sport-2020-spickovy-stav.php | https://auto.bazos.sk/inzerat/194383370/toyota-corolla-ts-18-hybrid-e-cvt-2021-style-best-edition.php | https://auto.bazos.sk/inzerat/193766658/toyota-corolla-cross-style.php,,
72,Mazda,Cx-5,2.0 163HP Manual Optimum,Petrol,2018,137000,120.0,14200,broad,6,20225.0,29.8,False,0.0,0,moderate,4,17649.5,19.5,False,0.75,0,12.7,10.3,none,True,HIGH,both sources usable (AB 6/BZ 4); median spread 13% <= 15%; inventory + comparable data complete,autobazar,29.8,https://www.autobazar.eu/detail/mazda-cx-5-25-skyactiv-g194-revolution-top-awd-at/AmAXJ_BUaFv/ | https://www.autobazar.eu/detail/mazda-cx-5-20-skyactiv-g165-revolution/Am9ZkdXHYPL/ | https://www.autobazar.eu/detail/mazda-cx-5-25-skyactiv-g194-attraction-at/AmSckmBGhO6/,https://auto.bazos.sk/inzerat/194336903/mazda-cx-5.php | https://auto.bazos.sk/inzerat/194430475/mazda-cx-5-22-skyactiv-d-110kw-rv2020.php | https://auto.bazos.sk/inzerat/194364769/mazda-cx-5-22-skyactiv-d150-attraction.php,,
73,BMW,3 Series,2.0 182HP Automatic 320i,Petrol,2019,115000,134.0,14000,broad,0,,,True,1.0,0,broad,0,,,True,1.0,0,,,none,False,INSUFFICIENT,"no source reaches 4 comparables (AB n=0, BZ n=0)",autobazar,,,,category slug bmw/3-series 404 -> keyword fallback,
74,BMW,318d,"Touring 2,0 D 143HK Stc 6g",Diesel,2009,388000,105.0,1600,moderate,5,5000.0,68.0,False,0.0,0,broad,6,6199.5,74.2,False,0.67,3,19.3,-6.2,none,True,MEDIUM,"moderate source disagreement 19%; sample n=6, data complete",bazos,74.2,https://www.autobazar.eu/detail/bmw-rad-3-touring-318d-touring-105kw143hp-m6/Ae0CUmJiSG-/ | https://www.autobazar.eu/detail/bmw-rad-3-318d/Am1D4R8EZpE/ | https://www.autobazar.eu/detail/bmw-rad-3-touring-318d/Am26qrOEzdL/,https://auto.bazos.sk/inzerat/194071361/bmw-e91-318d-m-paket-sport-edition.php | https://auto.bazos.sk/inzerat/194368185/bmw-e91-320d-m47.php | https://auto.bazos.sk/inzerat/193710607/predam-bmw-318d-e91.php,category slug bmw/318d 404 -> keyword fallback,
75,Renault,Austral,Mhev 160 auto,Petrol,2024,65000,,21500,broad,5,23500.0,8.5,False,0.0,2,broad,1,24490.0,12.2,True,1.0,0,4.0,-3.7,none,True,MEDIUM,"single usable source (AB 5/BZ 1); no cross-check; sample n=5, data complete",autobazar,8.5,https://www.autobazar.eu/detail/renault-austral-13-t-mhev/AmO2TOJO2Qw/ | https://www.autobazar.eu/detail/renault-austral-13-t-mhev-automat-sr2maj/Am7KDuQcYMZ/ | https://www.autobazar.eu/detail/renault-austral-13-t-mhev-automat-sr2maj/AeJN3qXyXFP/,https://auto.bazos.sk/inzerat/194036884/renault-austral-13-mhev-160-techno-cvt.php,,BLOCKED: Unexpected HTTP 404 for 'https://auto.bazos.sk/?hledat=Renault+Austral&hlokalita=&humkreis=25&cenaod=&cenado=&crp=40'.
76,Suzuki,Vitara,"1,0 Boosterjet Active manuel,",Petrol,2019,48000,,11900,broad,8,14399.5,17.4,False,0.0,0,broad,3,14250.0,16.5,True,0.67,0,1.0,0.9,none,True,MEDIUM,"single usable source (AB 8/BZ 3); no cross-check; sample n=8, data complete",autobazar,17.4,https://www.autobazar.eu/detail/suzuki-vitara-14-boosterjet-4x4-automat-servkniha/AeTnsPtVy_x/ | https://www.autobazar.eu/detail/suzuki-vitara-14-boosterjet-cr1maj-servkniha-kuze/AmQTzRQG1sq/ | https://www.autobazar.eu/detail/suzuki-vitara-10-boosterjet-automat-servkniha/AmN6BlP5NR-/,https://auto.bazos.sk/inzerat/194249701/suzuki-vitara-14b-allgrip-automat.php | https://auto.bazos.sk/inzerat/194352325/suzuki-vitara-14-boosterjet-2021-66-500km-kupene-v-sr.php | https://auto.bazos.sk/inzerat/194466044/suzuki-vitara-15-dualjet-hev-2024-44340km.php,,
77,VW,ID.3,EL Life 204HK 5d Aut,Electric,2021,213000,150.0,9000,moderate,9,17500.0,48.6,False,0.0,0,moderate,4,16195.0,44.4,False,0.0,0,7.5,4.2,none,True,HIGH,both sources usable (AB 9/BZ 4); median spread 7% <= 15%; inventory + comparable data complete,autobazar,48.6,https://www.autobazar.eu/detail/volkswagen-id3-performance-upgrade-58kwh-1st-plus/AmNZRcesrGo/ | https://www.autobazar.eu/detail/volkswagen-id3-pro-150kw-alu-18-acc-full-led/Am53lCK6XEh/ | https://www.autobazar.eu/detail/volkswagen-id3-performance-upgrade-58kwh-1st/AmAGz58aLBS/,https://auto.bazos.sk/inzerat/194283868/volkswagen-id3-1st-plus-150kw-soh-926.php | https://auto.bazos.sk/inzerat/194316467/vw-id3-1st-edition-150kw-62kwh-2020.php | https://auto.bazos.sk/inzerat/194072870/vw-id-3-1-st-150-kw.php,,
78,BMW,2 Series,1.5 108HP Manual 216i,Petrol,2020,125000,79.0,9000,broad,0,,,True,1.0,0,broad,0,,,True,1.0,0,,,none,False,INSUFFICIENT,"no source reaches 4 comparables (AB n=0, BZ n=0)",autobazar,,,,category slug bmw/2-series 404 -> keyword fallback,BLOCKED: Unexpected HTTP 404 for 'https://auto.bazos.sk/?hledat=BMW+2+Series&hlokalita=&humkreis=25&cenaod=&cenado=&crp=40'.
79,Mazda,Cx-5,2.0 163HP Manual Optimum,Petrol,2019,159000,120.0,14800,broad,7,20800.0,28.8,False,0.0,0,moderate,4,17649.5,16.1,False,0.75,0,15.1,12.7,none,True,MEDIUM,"moderate source disagreement 15%; sample n=7, data complete",autobazar,28.8,https://www.autobazar.eu/detail/mazda-cx-5-25-skyactiv-g194-revolution-top-awd-at/AmAXJ_BUaFv/ | https://www.autobazar.eu/detail/mazda-cx-5-20-skyactiv-g165-revolution/Am9ZkdXHYPL/ | https://www.autobazar.eu/detail/mazda-cx-5-25-skyactiv-g194-attraction-at/AmSckmBGhO6/,https://auto.bazos.sk/inzerat/194336903/mazda-cx-5.php | https://auto.bazos.sk/inzerat/194430475/mazda-cx-5-22-skyactiv-d-110kw-rv2020.php | https://auto.bazos.sk/inzerat/194364769/mazda-cx-5-22-skyactiv-d150-attraction.php,,
80,Volkswagen,Touran,1.4 148HP Automatic Comfortline,Petrol,2018,146600,109.0,12200,broad,4,15390.0,20.7,False,0.0,0,broad,1,3700.0,-229.7,True,1.0,0,76.0,250.4,none,True,MEDIUM,"single usable source (AB 4/BZ 1); no cross-check; sample n=4, data complete",autobazar,20.7,https://www.autobazar.eu/detail/volkswagen-touran-14-tsi-bmt-comfortline-dsg/AeU994ZwAj04/ | https://www.autobazar.eu/detail/volkswagen-touran-15-tsi-opf-act-comfortline-dsg-110kw150hp-a7/AeeZ4EC7GzL/ | https://www.autobazar.eu/detail/volkswagen-touran-14-tsi-bmt-highline-dsg/Amj3eu-HZXe/,https://auto.bazos.sk/inzerat/193594816/volkswagen-touran-14-tsi-family.php,,
81,Volkswagen,Tiguan,1.5 148HP Automatic Life,Petrol,2022,87000,109.0,22700,broad,4,23494.5,3.4,False,0.0,0,broad,5,20500.0,-10.7,False,0.2,0,12.7,14.1,none,True,HIGH,both sources usable (AB 4/BZ 5); median spread 13% <= 15%; inventory + comparable data complete,bazos,-10.7,https://www.autobazar.eu/detail/volkswagen-tiguan-15-tsi-evo-bmt-150k-highline-dsg/Am2L5NXqOrF/ | https://www.autobazar.eu/detail/volkswagen-tiguan-2021-15-tsi-110kw-dsg-r-line-harman-kardon-360/AmnRwJf8GB7/ | https://www.autobazar.eu/detail/volkswagen-tiguan-15-tsi-evo-tiguan-96kw130hp-m6/AeOSvx0iw9A/,https://auto.bazos.sk/inzerat/194065820/volkswagen-tiguan-15tsi-rv112021127tis-kmfull-ledhead.php | https://auto.bazos.sk/inzerat/194039032/volkswagen-tiguan-15-tsi-evo-life.php | https://auto.bazos.sk/inzerat/193899818/vw-tiguan-model-202551000km-mrtvy-uhol-virtual-kamera.php,,
82,Volkswagen,Passat,1.4 148HP Automatic Highline,Petrol,2018,254100,109.0,8500,broad,1,15000.0,43.3,True,0.0,0,broad,0,,,True,1.0,0,,,none,False,INSUFFICIENT,"no source reaches 4 comparables (AB n=1, BZ n=0)",autobazar,43.3,https://www.autobazar.eu/detail/volkswagen-passat-sedan-14tsi-bluemotion/Ae-O99Mr1AC/,,,
83,Toyota,Corolla,1.8  Automatic H3 Smart,Hybrid,2021,141000,,15500,broad,5,17499.0,11.4,False,0.0,0,broad,6,20440.0,24.2,False,0.71,1,14.4,-12.8,none,True,HIGH,both sources usable (AB 5/BZ 6); median spread 14% <= 15%; inventory + comparable data complete,bazos,24.2,https://www.autobazar.eu/detail/toyota-corolla-sedan-18-hybrid-comfort-2019-82700-km/AeGubhVjmTm/ | https://www.autobazar.eu/detail/toyota-corolla-2023/Ae89P7c2KQh/ | https://www.autobazar.eu/detail/toyota-corolla-ts-18-hybrid-e-cvt-style/AmPjnPDR3dT/,https://auto.bazos.sk/inzerat/193753042/toyota-corolla-selection-2019-nove-v-sr.php | https://auto.bazos.sk/inzerat/194286952/toyota-corolla-ts-gr-sport-2020-spickovy-stav.php | https://auto.bazos.sk/inzerat/194383370/toyota-corolla-ts-18-hybrid-e-cvt-2021-style-best-edition.php,,
84,Suzuki,S-Cross,1.5 101HP Automatic Adventure,Hybrid,2024,22550,74.0,22000,broad,3,26490.0,16.9,True,0.0,0,broad,4,17195.0,-27.9,False,0.5,0,35.1,44.8,none,True,LOW,50% of comparables missing year/km; best sample n=4,bazos,-27.9,https://www.autobazar.eu/detail/suzuki-s-cross-strong-hybrid-15i-gl-premium-4x4-ags/AmjBzVyptcN/ | https://www.autobazar.eu/detail/suzuki-s-cross/Am7r1KsmfcP/ | https://www.autobazar.eu/detail/suzuki-s-cross-1-4-glx-4wd-at-mhybrid-canyon-brown/AmAClj1sykvl/,https://auto.bazos.sk/inzerat/194429648/suzuki-s-cross-suzuki-sx4-s-cross.php | https://auto.bazos.sk/inzerat/194410650/suzuki-s-cross.php | https://auto.bazos.sk/inzerat/194316037/suzuki-sx4-s-cross.php,,
85,Volkswagen,Golf,1.5 148HP Automatic Highline,Petrol,2019,110457,109.0,12500,broad,3,14500.0,13.8,True,0.0,0,broad,5,14499.0,13.8,False,0.2,0,0.0,0.0,none,True,MEDIUM,"single usable source (AB 3/BZ 5); no cross-check; sample n=5, data complete",bazos,13.8,https://www.autobazar.eu/detail/vw-golf-10-tsi-klima-tempomat/AeL4UqZOH00/ | https://www.autobazar.eu/detail/volkswagen-golf/Aew7KyNyOtj/ | https://www.autobazar.eu/detail/volkswagen-golf-style-15-tsi-110kw-alu-18-zimni-sada/Am1b-pTjq5g/,https://auto.bazos.sk/inzerat/194395619/volkswagen-golf-combi-15tsi-dsg-r-line-rv2021-174tis-km.php | https://auto.bazos.sk/inzerat/194207418/volkswagen-golf-14-tsi-bmt-comfortline-eu6-m6.php | https://auto.bazos.sk/inzerat/194262736/volkswagen-golf-vii-14tsi-dsg-dynaudiofull-led.php,,
86,Mazda,Cx-3,2.0 120HP Automatic Optimum,Petrol,2018,152350,88.0,11000,moderate,5,11200.0,1.8,False,0.0,1,broad,2,14995.0,26.6,True,1.0,0,25.3,-24.8,none,True,MEDIUM,"single usable source (AB 5/BZ 2); no cross-check; sample n=5, data complete",autobazar,1.8,https://www.autobazar.eu/detail/mazda-cx-3-20-skyactiv-g/AmkLGCnlbQO/ | https://www.autobazar.eu/detail/mazda-cx-3-20-skyactiv-g-po-stk/AeiS0ZGRQqV/ | https://www.autobazar.eu/detail/mazda-cx-3-20-skyactiv-gattraction-tempomat/AmnmKgQasB1/,https://auto.bazos.sk/inzerat/194374942/mazda-cx-3-20-skyactiv-112017.php | https://auto.bazos.sk/inzerat/194142745/mazda-cx-3-20-skyactiv-revolution-89kw-m6-2019.php,,
87,Mercedes,A-Class,1.6 155HP Automatic A 200,Petrol,2017,154000,114.0,9500,broad,0,,,True,1.0,0,broad,1,22900.0,58.5,True,1.0,0,,,none,False,INSUFFICIENT,"no source reaches 4 comparables (AB n=0, BZ n=1)",bazos,58.5,,https://auto.bazos.sk/inzerat/193082786/mercedes-benz-a-220d-amg.php,category slug mercedes-benz/a-class 404 -> keyword fallback,
88,Mazda,Cx-5,2.0 163HP Manual Vision,Petrol,2014,172000,120.0,9500,strict,4,10550.0,10.0,False,0.0,0,moderate,4,9345.0,-1.7,False,0.0,0,11.4,11.7,none,True,HIGH,both sources usable (AB 4/BZ 4); median spread 11% <= 15%; inventory + comparable data complete,autobazar,10.0,https://www.autobazar.eu/detail/mazda-cx-5-20-skyactiv-g-awd-revolution/Am7hwGpoGmF/ | https://www.autobazar.eu/detail/mazda-cx-5-20-skyactiv-g-challenge-121kw165hp-m6/Ae8fsxZYrlX/ | https://www.autobazar.eu/detail/mazda-cx-5-20-skyactiv-g-awd-attraction/AmieuZV4iWq/,https://auto.bazos.sk/inzerat/194073008/mazda-cx-5-20-skyactive-g-4x4.php | https://auto.bazos.sk/inzerat/194463260/mazda-cx5.php | https://auto.bazos.sk/inzerat/194443845/mazda-cx-5.php,,
89,Nissan,Qashqai,1.3 139HP Manual Visia,Petrol,2021,27845,102.0,13500,broad,2,23745.0,43.1,True,0.0,0,broad,1,22000.0,38.6,True,0.0,0,7.3,4.5,none,False,INSUFFICIENT,"no source reaches 4 comparables (AB n=2, BZ n=1)",autobazar,43.1,https://www.autobazar.eu/detail/nissan-qashqai-15-e-power-190-hev-tekna-116kw158hp-a1/AeMyM-70F0H/ | https://www.autobazar.eu/detail/nissan-qashqai-13-dig-t-158-mild-hybrid-n-connecta/AmLpnrt3nXa/,https://auto.bazos.sk/inzerat/193860164/predam-nissan-qashqai.php,,
90,Volkswagen,Tiguan,1.5 148HP Automatic Life,Petrol,2020,122500,109.0,19000,moderate,5,18900.0,-0.5,False,0.0,1,broad,7,18900.0,-0.5,False,0.29,0,0.0,0.0,none,True,HIGH,both sources usable (AB 5/BZ 7); median spread 0% <= 15%; inventory + comparable data complete,bazos,-0.5,https://www.autobazar.eu/detail/volkswagen-tiguan-15-tsi-evo-bmt-150k-highline-dsg/Am2L5NXqOrF/ | https://www.autobazar.eu/detail/volkswagen-tiguan-15-tsi-evo-tiguan-96kw130hp-m6/AeOSvx0iw9A/ | https://www.autobazar.eu/detail/volkswagen-tiguan-14-tsi-act-bmt-4motion-150k-edition-comfortline-dsg-110kw150hp-a6/Aeo0VUyU0PR/,https://auto.bazos.sk/inzerat/194394238/volkswagen-tiguan-15tsi-2019173tispanoramafull-led.php | https://auto.bazos.sk/inzerat/194320295/volkswagen-tiguan-20-tsi-dsg-132-kw-4motion-2018.php | https://auto.bazos.sk/inzerat/194065820/volkswagen-tiguan-15tsi-rv112021127tis-kmfull-ledhead.php,,
91,Skoda,Karoq,1.5 148HP Automatic STYLE,Petrol,2019,41000,109.0,19500,broad,4,21895.0,10.9,False,0.0,1,broad,2,26249.0,25.7,True,1.0,0,16.6,-14.8,none,True,MEDIUM,"single usable source (AB 4/BZ 2); no cross-check; sample n=4, data complete",autobazar,10.9,https://www.autobazar.eu/detail/skoda-karoq-15-tsi-act-evo-sportline-dsg-110kw150hp-a7/AesDlf9-CRm/ | https://www.autobazar.eu/detail/skoda-karoq-15-tsi-act-sportline-110kw150hp-m6/AeYgMCey1rK/ | https://www.autobazar.eu/detail/skoda-karoq-15-tsi-act-style-dsg/AmZM2khsH6e/,https://auto.bazos.sk/inzerat/193949336/skoda-karoq-sportline-15-tsi-dsg-2023-25900-km-zaruka.php | https://auto.bazos.sk/inzerat/193601466/skoda-karoq-15-tsi-110kw-2023-1majitel-41000-km-zaruka.php,,
92,Audi,Q3,2.0 148HP Automatic Sport,Diesel,2018,147000,109.0,13000,broad,10,15245.0,14.7,False,0.0,1,broad,0,,,True,1.0,0,,,none,True,MEDIUM,"single usable source (AB 10/BZ 0); no cross-check; sample n=10, data complete",autobazar,14.7,https://www.autobazar.eu/detail/audi-q3-na-prenajom/AmbUEAm1cje/ | https://www.autobazar.eu/detail/audi-q3-20-tdi-quattro-s-tronic-184-k-basis/Am1agC8mP7N/ | https://www.autobazar.eu/detail/audi-q3-20-tdi-quattro-s-tronic-184-k-basis/AmXWC1XVhFZ/,,,
93,Kia,Xceed,1.6 104HP Automatic ADVANCE PLUS,Hybrid,2021,115068,76.0,15000,broad,3,18600.0,19.4,True,0.0,0,broad,2,17995.0,16.6,True,0.5,0,3.3,2.8,none,False,INSUFFICIENT,"no source reaches 4 comparables (AB n=3, BZ n=2)",autobazar,19.4,https://www.autobazar.eu/detail/kia-xceed-plug-in-hybrid/Am6wGElXTwk/ | https://www.autobazar.eu/detail/kia-xceed-plug-in-hybridtop/AmRzthHR3cH/ | https://www.autobazar.eu/detail/kia-xceed-plug-in-hybrid/AmNLvz2yXLk/,https://auto.bazos.sk/inzerat/194371962/kia-xceed-15-t-gdi-gold.php | https://auto.bazos.sk/inzerat/194353182/kia-xceed-16-crdi-mhev-gold-at-100-kw-rv-52021.php,,
94,Toyota,C-Hr,1.8  Automatic C-LUB,Hybrid,2019,36157,,18200,broad,7,17400.0,-4.6,False,0.0,0,broad,5,21500.0,15.3,False,0.4,0,19.1,-19.9,none,True,MEDIUM,"moderate source disagreement 19%; sample n=7, data complete",autobazar,-4.6,https://www.autobazar.eu/detail/toyota-c-hr-gr-sport-20-hybrid-135-kw/AeQncOstcqy/ | https://www.autobazar.eu/detail/toyota-c-hr-18-hybrid-active-seat-e-cvt-fwd-72kw98hp-a1/AeHnIFhlhSm/ | https://www.autobazar.eu/detail/toyota-c-hr-18-hybrid-executive-e-cvt-72kw98hp-a1/Ae5m8sWxI4y/,https://auto.bazos.sk/inzerat/194240198/toyota-c-hr-gr-sport-20-hybrid-135-kw-2022-42-225km.php | https://auto.bazos.sk/inzerat/194011376/toyota-chr-active-18-hybrid.php | https://auto.bazos.sk/inzerat/194461638/toyota-c-hr-hsd.php,,
95,Toyota,C-Hr,1.8  Automatic Selected,Hybrid,2019,97548,,16200,strict,11,17600.0,8.0,False,0.0,0,moderate,4,17449.5,7.2,False,0.0,0,0.9,0.8,none,True,HIGH,both sources usable (AB 11/BZ 4); median spread 1% <= 15%; inventory + comparable data complete,autobazar,8.0,https://www.autobazar.eu/detail/toyota-c-hr-18-hybrid/Abfci_y-Zg9/ | https://www.autobazar.eu/detail/toyota-c-hr-2018/AeO3tldDkIX/ | https://www.autobazar.eu/detail/toyota-c-hr-18-hybridselection-automat/AmBOAs4Uw9x/,https://auto.bazos.sk/inzerat/194011376/toyota-chr-active-18-hybrid.php | https://auto.bazos.sk/inzerat/194208606/predam-toyota-c-hr.php | https://auto.bazos.sk/inzerat/194199181/toyota-c-hr-18-hybrid-2019-81-000-km-servis-toyota.php,,
96,Skoda,Octavia,1.5 148HP Automatic Style,Petrol,2019,113000,109.0,12500,broad,7,15200.0,17.8,False,0.0,0,broad,2,14345.0,12.9,True,0.0,0,5.6,4.9,none,True,MEDIUM,"single usable source (AB 7/BZ 2); no cross-check; sample n=7, data complete",autobazar,17.8,https://www.autobazar.eu/detail/skoda-octavia-10-tsi-style-81kw110hp-m6/Aeen-jeegBD/ | https://www.autobazar.eu/detail/skoda-octavia-15-tsi-ambition-automat-sr2maj/AedMgdyecFc/ | https://www.autobazar.eu/detail/skoda-octavia-combi-style-15-tsi-110kw-dsg/AmMjjYL7aUp/,https://auto.bazos.sk/inzerat/194396022/skoda-octavia-4-10tsi-rv2021-95tis-km-virtual.php | https://auto.bazos.sk/inzerat/194137022/skoda-octavia-combi-15-tsi-benzin-automat-dsg-92019.php,,
97,Seat,Ateca,1.5 148HP Automatic FR,Petrol,2020,130000,109.0,16750,moderate,8,16449.5,-1.8,False,0.0,0,broad,7,16890.0,0.8,False,0.29,0,2.6,-2.6,none,True,HIGH,both sources usable (AB 8/BZ 7); median spread 3% <= 15%; inventory + comparable data complete,autobazar,-1.8,https://www.autobazar.eu/detail/seat-ateca-15-tsi-150-xperience-family-dsg-110kw150hp-a7/Ae4fqzDpH-P/ | https://www.autobazar.eu/detail/seat-ateca-15-tsi-150-xcellence-dsg-110kw150hp-a7/AeZP872v2zI/ | https://www.autobazar.eu/detail/seat-ateca-14-tsi-act-fr-4drive/Am5IcdTYj4x/,https://auto.bazos.sk/inzerat/194411080/seat-ateca-15-tsi-style.php | https://auto.bazos.sk/inzerat/194393183/seat-ateca-14tsi-110kw-dsg-1272018-186tis-km.php | https://auto.bazos.sk/inzerat/193824531/seat-ateca-15tsi-dsg-rv2021-170tis-km-exclusive-vybava.php,,
