title,year,km,price,fuel,transmission,power,body_type,listing_date,url,source_page,kept,filter_reason
Škoda Kodiaq 1.5 TSI ACT Sportline DSG 110kW150HP A7,2021,160456,22900,Benzín,7-st. automatická,110,SUV / Off-road,2026-08-08T07:12:43.569Z,https://www.autobazar.eu/detail/skoda-kodiaq-15-tsi-act-sportline-dsg-110kw150hp-a7/AepG9p2guyc/,1,False,"fuel_mismatch(got=Benzín, want=Diesel)"
Škoda Kodiaq 1.5 TSI ACT Live Plus DSG 110kW150HP A7,2021,43196,24200,Benzín,Automatická,110,SUV / Off-road,2026-08-03T11:50:52.324Z,https://www.autobazar.eu/detail/skoda-kodiaq-15-tsi-act-live-plus-dsg-110kw150hp-a7/AeGBd4SgCJY/,1,False,"fuel_mismatch(got=Benzín, want=Diesel)"
Škoda Kodiaq 1.5 TSI ACT Ambition 110kW150HP M6,2023,180041,19900,Benzín,6-st. manuálna,110,SUV / Off-road,2026-08-08T07:12:43.569Z,https://www.autobazar.eu/detail/skoda-kodiaq-15-tsi-act-ambition-110kw150hp-m6/AeKg_fV5zSQ/,1,False,"fuel_mismatch(got=Benzín, want=Diesel)"
Škoda Kodiaq 2.0 TDI SCR 190k Style DSG 4x4,2018,112070,23990,Diesel,7-st. automatická,140,SUV,2026-08-10T11:40:32.000Z,https://www.autobazar.eu/detail/skoda-kodiaq-20-tdi-scr-190k-style-dsg-4x4/AmtnKZSApGG/,1,True,
Škoda Kodiaq Exlusive Selection 2.0 TDI 142KW | 7 miest | 4x4 | Matrix LED,2024,21945,52990,Diesel,7-st. automatická,142,SUV,2026-08-10T11:40:16.000Z,https://www.autobazar.eu/detail/skoda-kodiaq-new-exclusive-selection-7seat-20-tdi-4x4-142kw-5d2024/AmRZHN-Okwp/,1,True,
Škoda Kodiaq Selection 142 kW 4x4 DSG | Matrix | ACC | Ťažné,2024,7452,45990,Diesel,7-st. automatická,142,SUV,2026-08-10T11:40:14.000Z,https://www.autobazar.eu/detail/skoda-kodiaq-selection/AmyL60nBhoR/,1,True,
Škoda Kodiaq 1.5 TSI ACT Style DSG 110kW150HP A7,2023,142209,21900,Benzín,7-st. automatická,110,SUV / Off-road,2026-08-08T07:12:36.307Z,https://www.autobazar.eu/detail/skoda-kodiaq-15-tsi-act-style-dsg-110kw150hp-a7/AeBgfdMFW-g/,1,False,"fuel_mismatch(got=Benzín, want=Diesel)"
Škoda Kodiaq 2.0 TDI SCR STYLE DSG 110kW150HP A7,2017,194000,18300,Diesel,Automatic,110,SUV / Off-road,2026-08-10T17:03:00.323Z,https://www.autobazar.eu/detail/skoda-kodiaq-20-tdi-scr-ambition-dsg-110kw150hp-a7/AeiD_xIjkfg/,1,True,
Škoda Kodiaq Exclusive Selection 2.0 TDI 142KW 4x4,2024,10480,53390,Diesel,7-st. automatická,142,SUV,2026-08-10T13:30:12.000Z,https://www.autobazar.eu/detail/skoda-kodiaq-new-exclusive-selection-2024-20-tdi-4x4-led-matrix/AmfLrsJr7DyO/,1,True,
Škoda Kodiaq 1.5 TSI ACT Sportline 110kW150HP M6,2021,172602,20900,Benzín,6-st. manuálna,110,SUV / Off-road,2026-08-08T07:12:43.569Z,https://www.autobazar.eu/detail/skoda-kodiaq-15-tsi-act-sportline-110kw150hp-m6/Aep5AQY365s/,1,False,"fuel_mismatch(got=Benzín, want=Diesel)"
Škoda Kodiaq Selection 4x4 2.0 TDI 142kW DSG,2024,29925,45990,Diesel,7-st. automatická,142,SUV,2026-08-08T11:30:26.000Z,https://www.autobazar.eu/detail/skoda-kodiaq-selection-4x4-20-tdi-142kw-dsg/Amna4Pv2Hs_/,1,True,
Škoda Kodiaq SportLine 4x4 2.0 TSI 150kW DSG (7 miestny),2025,35000,46790,Benzín,7-st. automatická,150,SUV,2026-08-08T10:54:23.000Z,https://www.autobazar.eu/detail/skoda-kodiaq-sportline-4x4-20-tsi-150kw-dsg-7-miestny/AmEis-Selsq/,1,False,"fuel_mismatch(got=Benzín, want=Diesel)"
Škoda Kodiaq 1.5 TSI ACT Style DSG 110kW150HP A7,2023,151812,23900,Petrol,7-gear automatic,110,SUV / Off-road,2026-08-08T07:12:43.569Z,https://www.autobazar.eu/detail/skoda-kodiaq-15-tsi-act-style-dsg-110kw150hp-a7/AekrDiAsxah/,1,False,"fuel_mismatch(got=Petrol, want=Diesel)"
Škoda Kodiaq 1.5 TSI ACT Style 110kW150HP M6,2022,103404,20500,Benzín,6-st. manuálna,110,SUV / Off-road,2026-08-08T08:59:07.544Z,https://www.autobazar.eu/detail/skoda-kodiaq-15-tsi-act-style-110kw150hp-m6/AedekL_ArxR/,1,False,"fuel_mismatch(got=Benzín, want=Diesel)"
Škoda Kodiaq Kodiaq 2.0 TDI SCR Style DSG 4x4 110kW150HP A7,2020,188100,23000,Diesel,7-gear automatic,110,SUV / Off-road,2026-03-06T14:51:31.723Z,https://www.autobazar.eu/detail/skoda-kodiaq-kodiaq-20-tdi-scr-style-dsg-4x4-110kw150hp-a7/AeEqAe0xHaN/,1,True,
Škoda Kodiaq 2.0 TDI SCR EVO 200 L&K 4x4 DSG,2023,128677,32990,Diesel,7-st. automatická,147,SUV,2026-08-07T13:10:20.000Z,https://www.autobazar.eu/detail/skoda-kodiaq-20-tdi-scr-evo-200-landk-4x4-dsg/AmPdWS_OW08/,1,True,
"Škoda Kodiaq 2.0 TDI 4x4 DSG Sportline, Pôvodný lak, SR",2021,154160,27999,Diesel,7-st. automatická,147,SUV,2026-08-07T11:00:49.000Z,https://www.autobazar.eu/detail/skoda-kodiaq-20-tdi-4x4-dsg-sportline-povodny-lak-sr/AmweVYaOOqf/,1,True,
"Škoda Kodiaq Sportline 2,0 TDI SCR EVO 147 kW 4x4 7AP DSG",2022,57966,35490,Diesel,7-st. automatická,147,SUV,2026-08-07T07:10:21.000Z,https://www.autobazar.eu/detail/skoda-kodiaq-sportline-20-tdi-scr-evo-147-kw-4x4-7ap-dsg/AmH1Qg2l3cH/,1,True,
"Škoda Kodiaq Style 2,0 TDI 110 kW  7AP DSG",2022,79367,29490,Diesel,7-st. automatická,110,SUV,2026-08-07T07:10:17.000Z,https://www.autobazar.eu/detail/skoda-kodiaq-kodiaq-style-20-tdi-110-kw-7ap-dsg/AmMtv6edmbV/,1,True,
Škoda Kodiaq 2.0 TDI SCR EVO Style DSG 110kW150HP A7,2023,150039,23900,Diesel,7-st. automatická,110,SUV / Off-road,2026-08-08T07:12:43.569Z,https://www.autobazar.eu/detail/skoda-kodiaq-20-tdi-scr-evo-style-dsg-110kw150hp-a7/AegXoj3Ouuw/,1,True,
Škoda Kodiaq 2.0 TDI SCR EVO Style DSG,2022,74707,32500,Diesel,7-st. automatická,110,SUV,2026-08-07T07:57:38.000Z,https://www.autobazar.eu/detail/skoda-kodiaq-20-tdi-scr-evo-style-dsg/AmEn1Yw6kdu/,2,True,
Škoda Kodiaq SPORTLINE 2.0 TDI 4X4 142kW 7. miest,2025,21678,54120,Diesel,7-st. automatická,142,Combi,2026-08-08T06:55:25.885Z,https://www.autobazar.eu/detail/skoda-kodiaq-sportline-20-tdi-4x4-142kw-7-miest/AeNn2BNbJhd/,2,True,
Škoda Kodiaq 1.5 TSI ACT Style DSG 110kW150HP A7,2022,90386,24500,Benzín,7-st. automatická,110,SUV / Off-road,2026-08-04T06:57:48.574Z,https://www.autobazar.eu/detail/skoda-kodiaq-15-tsi-act-style-dsg-110kw150hp-a7/AeRTHmJx866/,2,False,"fuel_mismatch(got=Benzín, want=Diesel)"
Škoda Kodiaq 1.5 TSI ACT Ambition DSG 110kW150HP A7,2023,138973,22200,Benzín,7-st. automatická,110,SUV / Off-road,2026-08-08T08:49:49.092Z,https://www.autobazar.eu/detail/skoda-kodiaq-15-tsi-act-ambition-dsg-110kw150hp-a7/AeBVT8RqAdb/,2,False,"fuel_mismatch(got=Benzín, want=Diesel)"
Škoda Kodiaq 1.5 TSI ACT Sportline DSG 110kW150HP A7,2021,187478,21900,Benzín,7-st. automatická,110,SUV / Off-road,2026-08-08T07:12:43.569Z,https://www.autobazar.eu/detail/skoda-kodiaq-15-tsi-act-sportline-dsg-110kw150hp-a7/AemT6P7YiCe/,2,False,"fuel_mismatch(got=Benzín, want=Diesel)"
Škoda Kodiaq 2.0 TDI SCR EVO Style DSG 110kW150HP A7,2022,143851,23900,Diesel,7-st. automatická,110,SUV / Off-road,2026-08-08T07:12:43.569Z,https://www.autobazar.eu/detail/skoda-kodiaq-20-tdi-scr-evo-style-dsg-110kw150hp-a7/AeM4de50FE8/,2,True,
"Škoda Kodiaq 2.0 TDI A7 4x4 142kw Webasto,Nelakované,Head Up,Masáž,360 kamery,Ťažné",2024,39456,38990,Diesel,7-st. automatická,142,SUV,2026-08-05T09:37:41.000Z,https://www.autobazar.eu/detail/skoda-kodiaq-20-tdi-a7-4x4-142kw-webastonelakovanehead-upmasaz360-kamerytazne/AmfqenjG30_/,2,True,
Škoda Kodiaq 1.5 TSI ACT Joy Plus DSG 110kW150HP A7--7.MIESTNE----,2021,185660,19200,Benzín,7-st. automatická,110,SUV / Off-road,2026-08-08T08:38:56.213Z,https://www.autobazar.eu/detail/skoda-kodiaq-15-tsi-act-joy-plus-dsg-110kw150hp-a7-7miestne/Aepss0XDlr1/,2,False,"fuel_mismatch(got=Benzín, want=Diesel)"
Škoda Kodiaq 2.0 TDI SCR EVO LK DSG 110kW150HP A7,2022,117057,27990,Diesel,7-st. automatická,110,SUV / Off-road,2026-08-07T18:24:45.696Z,https://www.autobazar.eu/detail/skoda-kodiaq-20-tdi-scr-evo-lk-dsg-110kw150hp-a7/AeBJvY0bvJL/,2,True,
"Škoda Kodiaq 2.0 TDI Top Stav, Style, DSG",2022,139800,22800,Diesel,7-st. automatická,110,SUV,2026-08-08T10:51:41.000Z,https://www.autobazar.eu/detail/skoda-kodiaq-20-tdi-scr-evo-style-dsg/AmcMGRQjfWD/,2,True,
Škoda Kodiaq 2.0 TDI Štýle Virtual 7 miestne,2024,87600,27990,Diesel,7-st. automatická,110,SUV,2026-08-09T09:30:16.000Z,https://www.autobazar.eu/detail/skoda-kodiaq-20-tdi-scr-evo-style-dsg/AmBf89_EGH4/,2,True,
Škoda Kodiaq 2.0 TDI SCR Style DSG 110kW150HP A7,2018,120000,20000,Diesel,7-st. automatická,110,SUV / Off-road,2026-07-29T22:14:54.180Z,https://www.autobazar.eu/detail/skoda-kodiaq-20-tdi-scr-style-dsg-110kw150hp-a7/Ae243k3Ae3D/,2,True,
Škoda Kodiaq 1.5 TSI ACT Sportline DSG 110kW150HP A7---7.MIESTNE---,2021,176248,22900,Benzín,7-st. automatická,110,SUV / Off-road,2026-08-08T07:12:43.569Z,https://www.autobazar.eu/detail/skoda-kodiaq-15-tsi-act-sportline-dsg-110kw150hp-a7-7miestne/AePPdMWwy7E/,2,False,"fuel_mismatch(got=Benzín, want=Diesel)"
Škoda Kodiaq 2.0 TDI SCR EVO Joy Plus DSG 110kW150HP A7,2022,137782,23300,Diesel,7-st. automatická,110,SUV / Off-road,2026-08-08T08:20:42.718Z,https://www.autobazar.eu/detail/skoda-kodiaq-20-tdi-scr-evo-joy-plus-dsg-110kw150hp-a7/Aekmlifc04q/,2,True,
Škoda Kodiaq 2.0 TDI SCR EVO Active DSG 110kW150HP A7,2021,130671,23900,Diesel,7-st. automatická,110,SUV / Off-road,2026-08-08T07:12:43.569Z,https://www.autobazar.eu/detail/skoda-kodiaq-20-tdi-scr-evo-active-dsg-110kw150hp-a7/Ae6qFauHQtu/,2,True,
Škoda Kodiaq 2.0 TDI SCR RS DSG 4x4 176kW239HP A7,2020,226000,22999,Diesel,7-st. automatická,176,SUV / Off-road,2026-06-02T10:30:56.917Z,https://www.autobazar.eu/detail/skoda-kodiaq-20-tdi-scr-rs-dsg-4x4-176kw239hp-a7/AeduZVyHNG1/,2,True,
Škoda Kodiaq 2.0 TDI SCR EVO Ambition DSG 110kW150HP A7,2023,105673,24999,Diesel,7-st. automatická,110,SUV / Off-road,2026-07-13T16:31:20.532Z,https://www.autobazar.eu/detail/skoda-kodiaq-20-tdi-scr-evo-ambition-dsg-110kw150hp-a7/AebRurMNPW0/,2,True,
Škoda Kodiaq 2.0 TDI SCR 190k LK DSG 4x4 140kW190HP A7,2019,126000,23950,Diesel,Automatická,140,SUV / Off-road,2026-08-10T09:45:15.413Z,https://www.autobazar.eu/detail/skoda-kodiaq-20-tdi-scr-190k-lk-dsg-4x4-140kw190hp-a7/Ae1AIGjHjJe/,2,True,
Škoda Kodiaq 2.0 TDI SCR EVO 200 LK 4x4 DSG 147kW201HP A7,2022,75000,37990,Diesel,7-st. automatická,147,SUV / Off-road,2026-08-09T20:46:54.507Z,https://www.autobazar.eu/detail/skoda-kodiaq-20-tdi-scr-evo-200-lk-4x4-dsg-147kw201hp-a7/AePiuTDNQAd/,2,True,
Škoda Kodiaq 2.0 TDI SCR EVO 200 LK 4x4 DSG 147kW201HP A7,2024,37200,36500,Diesel,7-st. automatická,147,SUV / Off-road,2026-08-08T14:07:16.751Z,https://www.autobazar.eu/detail/skoda-kodiaq-20-tdi-scr-evo-200-lk-4x4-dsg-147kw201hp-a7/AeU1BcFdPLq/,2,True,
Škoda Kodiaq Škoda KodiaQ rv. 2020,2020,148000,29900,Diesel,Automatická,176,SUV / Combi,2026-08-08T10:58:26.775Z,https://www.autobazar.eu/detail/skoda-kodiaq-skoda-kodiaq-rv-2020/AeiKwMWMpZz/,3,True,
"Škoda Kodiaq 2.0 TDI Sportline 4x4 DSG 147kW201HP A7, 7miestne",2024,21052,48900,Diesel,7-st. automatická,142,SUV,2026-08-06T05:08:02.503Z,https://www.autobazar.eu/detail/skoda-kodiaq-20-tdi-scr-evo-200-sportline-4x4-dsg-147kw201hp-a7/AeFwxoljVVj/,3,True,
Škoda Kodiaq 2.0 TDI SCR EVO 200 LK 4x4 DSG 147kW201HP A7,2022,51000,19700,Diesel,7-st. automatická,147,SUV / Off-road,2026-08-09T15:58:55.778Z,https://www.autobazar.eu/detail/skoda-kodiaq-20-tdi-scr-evo-200-lk-4x4-dsg-147kw201hp-a7/Ae6W0jMCEOv/,3,True,
Škoda Kodiaq 2.0 TDI SCR EVO Sportline DSG 110kW150HP A7,2023,112000,27500,Diesel,Automatická,110,SUV / Off-road,2026-08-06T05:56:14.361Z,https://www.autobazar.eu/detail/skoda-kodiaq-20-tdi-scr-evo-sportline-dsg-110kw150hp-a7/Ae7dE07zp2G/,3,True,
Škoda Kodiaq 2.0 TSI RS 4x4 DSG 180kW245HP A7,2023,29500,45000,Benzín,7-st. automatická,180,SUV / Off-road,2026-08-05T20:03:41.143Z,https://www.autobazar.eu/detail/skoda-kodiaq-20-tsi-rs-4x4-dsg-180kw245hp-a7/AeGR7JZ6laL/,3,False,"fuel_mismatch(got=Benzín, want=Diesel)"
Škoda Kodiaq 1.5 TSI ACT Sportline 4x4 DSG 110kW150HP A7,2019,124000,24000,Benzín,7-st. automatická,110,SUV / Off-road,2026-08-05T11:22:58.206Z,https://www.autobazar.eu/detail/skoda-kodiaq-15-tsi-act-sportline-4x4-dsg-110kw150hp-a7/AejQzi82aV6/,3,False,"fuel_mismatch(got=Benzín, want=Diesel)"
"Škoda Kodiaq 2,0tdi, 4x4",2019,154000,20480,Diesel,7-st. automatická,110,Combi,2026-07-06T19:00:22.524Z,https://www.autobazar.eu/detail/skoda-kodiaq-20tdi-4x4/Aek7zjEyofD/,3,True,
Škoda Kodiaq 2.0 TDI SCR EVO Final Edition DSG 110kW150HP A7,2024,22000,32850,Diesel,7-st. automatická,110,SUV / Off-road,2026-08-10T13:41:57.092Z,https://www.autobazar.eu/detail/skoda-kodiaq-2024/Aet6_0kH4UK/,3,True,
Škoda Kodiaq 2.0 TDI SCR 190k Sportline DSG 4x4,2019,175550,24999,Diesel,7-st. automatická,140,SUV,2026-08-10T10:36:41.126Z,https://www.autobazar.eu/detail/skoda-kodiaq-20-tdi-scr-190k-sportline-dsg-4x4/Ae_Vx3YlDhG/,3,True,
Škoda Kodiaq Śkoda Kodiaq,2019,179000,19700,Benzín,Automatická,110,Combi,2026-06-05T16:09:17.605Z,https://www.autobazar.eu/detail/skoda-kodiaq-skoda-kodiaq/AejD6OHKGWu/,3,False,"fuel_mismatch(got=Benzín, want=Diesel)"
Škoda Kodiaq 2.0 TDI SCR EVO Style DSG 110 kW150HP A7 WEBASTO TAZNE,2023,172000,23690,Diesel,7-st. automatická,110,SUV / Off-road,2026-07-30T20:02:49.103Z,https://www.autobazar.eu/detail/skoda-kodiaq-20-tdi-scr-evo-style-dsg-110-kw150hp-a7-webasto-tazne/Ae5kK4yN2Ep/,3,True,
Škoda Kodiaq 2.0 TDI SCR 190k Style DSG 4x4 140kW190HP A7,2017,177000,21790,Diesel,Automatická,140,SUV / Off-road,2026-08-01T08:22:45.081Z,https://www.autobazar.eu/detail/skoda-kodiaq-20-tdi-scr-190k-style-dsg-4x4-140kw190hp-a7/AexzmuwFlAM/,3,True,
Škoda Kodiaq 2.0 TDI SCR RS DSG 4x4 176kW239HP A7,2020,137400,32900,Diesel,7-st. automatická,176,SUV / Off-road,2026-07-01T07:26:04.133Z,https://www.autobazar.eu/detail/skoda-kodiaq-20-tdi-scr-rs-dsg-4x4-176kw239hp-a7/Ae_Yc8JdD-u/,3,True,
Škoda Kodiaq 2.0 TDI SCR 190k Style DSG 4x4 140kW190HP A7,2020,113000,23990,Diesel,Automatická,140,SUV / Off-road,2026-07-28T20:41:13.365Z,https://www.autobazar.eu/detail/skoda-kodiaq-20-tdi-scr-190k-style-dsg-4x4-140kw190hp-a7/AeE3HWTL-Iq/,3,True,
Škoda Kodiaq Scout SUV 4x4 2.0 TDi 140kw AT 7,2020,77200,25900,Diesel,7-st. automatická,140,SUV,2026-06-30T20:25:01.555Z,https://www.autobazar.eu/detail/skoda-kodiaq-scout-suv-4x4-20-tdi-140kw-at-7/AeVuCs42yZY/,3,True,
Škoda Kodiaq 1.5 TSI ACT Sportline DSG 110kW150HP A7,2021,186000,23500,Benzín,7-st. automatická,110,SUV / Off-road,2026-06-30T05:40:49.076Z,https://www.autobazar.eu/detail/skoda-kodiaq-15-tsi-act-sportline-dsg-110kw150hp-a7/AefNGBn7c3h/,3,False,"fuel_mismatch(got=Benzín, want=Diesel)"
Škoda Kodiaq 2.0 TDI SCR EVO 200 Style 4x4 DSG 147kW201HP A7,2021,68300,29999,Diesel,7-st. automatická,147,SUV / Off-road,2026-07-27T15:51:43.606Z,https://www.autobazar.eu/detail/skoda-kodiaq-20-tdi-scr-evo-200-style-4x4-dsg-147kw201hp-a7/AewC-L76nJf/,3,True,
Škoda Kodiaq 2.0 TDI SCR Ambition DSG 110kW150HP A7,2020,158800,21990,Diesel,7-st. automatická,110,SUV / Off-road,2026-07-27T13:08:59.261Z,https://www.autobazar.eu/detail/skoda-kodiaq-20-tdi-scr-ambition-dsg-110kw150hp-a7/AeOzeRCjmTp/,3,True,
Škoda Kodiaq 2.0 TDI SCR EVO 200 Style 4x4 DSG 147kW201HP A7,2022,102000,28500,Diesel,7-st. automatická,147,SUV / Off-road,2026-07-27T07:26:27.609Z,https://www.autobazar.eu/detail/skoda-kodiaq-20-tdi-scr-evo-200-style-4x4-dsg-147kw201hp-a7/Aeo0mdiZG5G/,3,True,
Škoda Kodiaq 2.0 TDI SCR EVO Style DSG 110kW150HP A7,2021,160000,22190,Diesel,7-st. automatická,110,SUV / Off-road,2026-07-27T06:39:29.160Z,https://www.autobazar.eu/detail/skoda-kodiaq-20-tdi-scr-evo-style-dsg-110kw150hp-a7/Ae-oG16aRFS/,3,True,
Škoda Kodiaq  2.0 TSI RS 4x4 DSG 180kW/245HP A7,2024,40000,41000,Benzín,7-st. automatická,180,SUV / Off-road,2026-06-29T06:29:37.225Z,https://www.autobazar.eu/detail/skoda-kodiaq-20-tsi-rs-4x4-dsg-180kw-245hp-a7/AeEndxo17-s/,4,False,"fuel_mismatch(got=Benzín, want=Diesel)"
Škoda Kodiaq 2.0 TDI SCR Style DSG 4x4 110kW150HP A7,2018,196200,19899,Diesel,Automatická,110,SUV / Off-road,2026-07-26T18:12:46.824Z,https://www.autobazar.eu/detail/skoda-kodiaq-20-tdi-scr-style-dsg-4x4-110kw150hp-a7/AeSxmRccWw6/,4,True,
Škoda Kodiaq 1.5 TSI 110kw Ambition DSG-7,2021,77210,27500,Benzín,7-st. automatická,110,SUV / Combi,2026-08-04T15:48:58.902Z,https://www.autobazar.eu/detail/skoda-kodiaq-2021/AePEX8i2N3t/,4,False,"fuel_mismatch(got=Benzín, want=Diesel)"
Škoda Kodiaq 2.0 TDI SCR EVO 200 LK 4x4 DSG 147kW201HP A7,2023,85200,35490,Diesel,Automatická,147,SUV / Off-road,2026-07-28T08:05:57.490Z,https://www.autobazar.eu/detail/skoda-kodiaq-20-tdi-scr-evo-200-lk-4x4-dsg-147kw201hp-a7/Ae1IsmNPuTJ/,4,True,
Škoda Kodiaq 2.0 TDI SCR 190k Style DSG 4x4 140kW190HP A7,2018,114200,21600,Diesel,7-st. automatická,140,SUV / Off-road,2026-07-05T11:55:11.135Z,https://www.autobazar.eu/detail/skoda-kodiaq-20-tdi-scr-190k-style-dsg-4x4-140kw190hp-a7/AecQZ_n2wBT/,4,True,
Škoda Kodiaq 2.0 TDI SCR 190k Style DSG 4x4 140kW190HP A7,2017,203000,17800,Diesel,Automatická,140,SUV / Off-road,2026-07-21T15:04:36.195Z,https://www.autobazar.eu/detail/skoda-kodiaq-20-tdi-scr-190k-style-dsg-4x4-140kw190hp-a7/AeoN5sziqj7/,4,True,
Škoda Kodiaq 1.5 TSI ACT Ambition DSG 110kW150HP A7,2021,97600,21600,Benzín,Automatická,110,SUV / Off-road,2026-08-08T13:18:08.368Z,https://www.autobazar.eu/detail/skoda-kodiaq-15-tsi-act-ambition-dsg-110kw150hp-a7/AebnV1zhyxJ/,4,False,"fuel_mismatch(got=Benzín, want=Diesel)"
Škoda Kodiaq 2.0 TDI SCR EVO 200 Sportline 4x4 DSG 147kW201HP A7,2021,90150,30190,Diesel,Automatická,147,SUV / Off-road,2026-08-06T19:59:45.408Z,https://www.autobazar.eu/detail/skoda-kodiaq-20-tdi-scr-evo-200-sportline-4x4-dsg-147kw201hp-a7/AeZw5jBniGq/,4,True,
Škoda Kodiaq 2.0 TDI SCR RS DSG 4x4 176kW239HP A7,2020,169000,26490,Diesel,7-st. automatická,176,SUV / Off-road,2026-07-18T12:52:17.953Z,https://www.autobazar.eu/detail/skoda-kodiaq-20-tdi-scr-rs-dsg-4x4-176kw239hp-a7/AeSzuwP3Q90/,4,True,
Škoda Kodiaq 2025 Śkoda Kodiaq Sportline 2.0 TDI 4x4 - Fully loaded,2025,13000,47000,Diesel,Automatická,142,SUV / Combi,2026-07-20T06:16:28.610Z,https://www.autobazar.eu/detail/skoda-kodiaq-2025-skoda-kodiaq-sportline-20-tdi-4x4-fully-loaded/AeyfUh8YgtI/,4,True,
Škoda Kodiaq 7 miestne top stav bez škrabancov 2 sady pneu letne zimné,2023,68500,27999,Diesel,Automatická,110,SUV,2026-07-17T15:03:35.785Z,https://www.autobazar.eu/detail/skoda-kodiaq-2023/AeZVReqsDMa/,4,True,
Škoda Kodiaq 2.0 TDI SCR 190k Scout 4x4 DSG 140kW190HP A7,2020,148000,25900,Diesel,7-st. automatická,140,SUV / Off-road,2026-08-08T16:09:14.950Z,https://www.autobazar.eu/detail/skoda-kodiaq-20-tdi-scr-190k-scout-4x4-dsg-140kw190hp-a7/AeiAX4qS7CE/,4,True,
Škoda Kodiaq KODIAQ SELEC TD 110/2.0 A7F,2025,35678,39690,Diesel,7-st. automatická,110,SUV,2026-08-10T11:43:10.000Z,https://www.autobazar.eu/detail/skoda-kodiaq-kodiaq-selec-td-11020-a7f/AmYQA3vYZ6k/,4,True,
"Škoda Kodiaq Platinum 2.0 TDI 142,00 kW 7-stup. automat. 4x4",2026,5912,51299,Diesel,7-st. automatická,142,SUV,2026-07-16T14:39:38.810Z,https://www.autobazar.eu/detail/skoda-kodiaq-platinum-20-tdi-14200-kw-7-stup-automat-4x4/AejfQS6pB7H/,4,True,
Škoda Kodiaq 2.0 TDI SCR EVO Ambition DSG,2022,144809,24490,Diesel,7-st. automatická,110,SUV,2026-08-10T06:10:25.000Z,https://www.autobazar.eu/detail/skoda-kodiaq-20-tdi-scr-evo-ambition-dsg/AmW-qgoqZoc/,4,True,
Škoda Kodiaq 1.5 TSI ACT Style DSG,2023,65402,26400,Benzín,7-st. automatická,110,SUV,2026-08-08T05:44:32.000Z,https://www.autobazar.eu/detail/skoda-kodiaq-15-tsi-act-style-dsg/AmvrQGO-0JR/,4,False,"fuel_mismatch(got=Benzín, want=Diesel)"
Škoda Kodiaq 2.0 TDI SCR EVO Sportline DSG,2022,181443,27400,Diesel,7-st. automatická,110,SUV,2026-08-08T05:44:43.000Z,https://www.autobazar.eu/detail/skoda-kodiaq-20-tdi-scr-evo-sportline-dsg/Am0Zpig72QL/,4,True,
"Škoda Kodiaq 2.0 TDI 4x4 DSG Ambition, Slovenské vozidlo",2022,230230,19999,Diesel,7-st. automatická,110,SUV,2026-08-07T11:01:07.000Z,https://www.autobazar.eu/detail/skoda-kodiaq-20-tdi-4x4-dsg-ambition-slovenske-vozidlo/AmM31DWBiX-/,4,True,
Škoda Kodiaq 2.0 TDI SCR Ambition DSG,2021,101980,23999,Diesel,7-st. automatická,110,SUV,2026-08-07T08:10:16.000Z,https://www.autobazar.eu/detail/skoda-kodiaq-20-tdi-scr-ambition-dsg/Am9Ned_LLSf/,4,True,
Škoda Kodiaq 2.0 TDI SCR EVO 200 Sportline 4x4 DSG,2022,143600,33990,Diesel,7-st. automatická,147,SUV,2026-08-10T18:31:17.000Z,https://www.autobazar.eu/detail/skoda-kodiaq-20-tdi-scr-evo-200-sportline-4x4-dsg/AmTh_nZrSoP/,4,True,
"Škoda Kodiaq RS 2,0 TSI 195 kW 4x4",2025,4200,52275,Benzín,Automatická,195,SUV,2026-08-07T11:40:21.000Z,https://www.autobazar.eu/detail/skoda-kodiaq-rs-20-tsi/AmQMvSVYmZh/,5,False,"fuel_mismatch(got=Benzín, want=Diesel)"
Škoda Kodiaq 7 miestne,2019,176267,22400,Benzín,7-st. automatická,110,Combi,2026-07-13T12:39:25.458Z,https://www.autobazar.eu/detail/skoda-kodiaq-2019/AeoyW3RO26U/,5,False,"fuel_mismatch(got=Benzín, want=Diesel)"
Škoda Kodiaq 1.5 TSI ACT Final Edition DSG 110kW150HP A7,2023,40000,33000,Benzín,7-st. automatická,110,SUV / Off-road,2026-07-14T08:31:11.725Z,https://www.autobazar.eu/detail/skoda-kodiaq-15-tsi-act-final-edition-dsg-110kw150hp-a7/AehLbUWzPzs/,5,False,"fuel_mismatch(got=Benzín, want=Diesel)"
Škoda Kodiaq 2.0 TSI RS 4x4 DSG 180kW245HP A7,2024,72500,34450,Benzín,7-st. automatická,180,SUV / Off-road,2026-07-21T07:59:52.288Z,https://www.autobazar.eu/detail/skoda-kodiaq-20-tsi-rs-4x4-dsg-180kw245hp-a7/Ae-B0FNZLhB/,5,False,"fuel_mismatch(got=Benzín, want=Diesel)"
Škoda Kodiaq 2.0 TDI SCR EVO 200 Sportline 4x4 DSG,2022,117731,31999,Diesel,7-st. automatická,147,SUV,2026-08-06T09:51:24.000Z,https://www.autobazar.eu/detail/skoda-kodiaq-20-tdi-scr-evo-200-sportline-4x4-dsg/AmhzqLbx-PE/,5,True,
Škoda Kodiaq 2.0 TSI Sportline 4x4 DSG,2022,103567,35499,Benzín,7-st. automatická,140,SUV,2026-08-06T09:50:17.000Z,https://www.autobazar.eu/detail/skoda-kodiaq-20-tsi-sportline-4x4-dsg/AmuSwall4QS/,5,False,"fuel_mismatch(got=Benzín, want=Diesel)"
Škoda Kodiaq Style 2.0 TDI 147kW 4x4 DSG / 7-míst / Tažné zařízení / Panorama / Matrix-Beam ...,2023,121772,29992,Diesel,Automatická,147,SUV,2026-08-09T09:10:24.000Z,https://www.autobazar.eu/detail/skoda-kodiaq-style-20-tdi-147kw-4x4-dsg-7-mist-tazne-zarizeni-panorama-matrix-beam/AmlzFENNXw2/,5,True,
Škoda Kodiaq Style 2.0 TDI 140kW 4x4 DSG / Webasto / Tažné / Canton / 360° kamera / DCC / Vy...,2017,253134,16048,Diesel,Automatická,140,SUV,2026-08-08T10:27:16.000Z,https://www.autobazar.eu/detail/skoda-kodiaq-style-20-tdi-140kw-4x4-dsg-webasto-tazne-canton-360-kamera-dcc-vy/AmrQoxhCzAX/,5,True,
Škoda Kodiaq 2.0 TDI SCR Style DSG,2018,163000,18850,Diesel,7-st. automatická,110,SUV,2026-08-10T05:18:35.000Z,https://www.autobazar.eu/detail/skoda-kodiaq-20-tdi-scr-style-dsg/AmWbX_WmpTX/,5,True,
Škoda Kodiaq 2.0 TDI SCR EVO Ambition DSG,2022,176000,19900,Diesel,7-st. automatická,110,SUV,2026-08-07T07:20:20.000Z,https://www.autobazar.eu/detail/skoda-kodiaq-20-tdi-scr-evo-ambition-dsg/Am3O40l21Zv/,5,True,
Škoda Kodiaq 1.5 TSI ACT Style DSG,2024,158800,20900,Benzín,7-st. automatická,110,SUV,2026-08-04T05:40:19.000Z,https://www.autobazar.eu/detail/skoda-kodiaq-15-tsi-act-active-dsg/AmV8HgUvhwe/,5,False,"fuel_mismatch(got=Benzín, want=Diesel)"
Škoda Kodiaq 2.0 TDI SCR EVO Ambition DSG,2023,89900,23500,Diesel,7-st. automatická,110,SUV,2026-08-08T10:52:12.000Z,https://www.autobazar.eu/detail/skoda-kodiaq-20-tdi-scr-evo-ambition-dsg/AmzmHM4IoTV/,5,True,
Škoda Kodiaq 2.0Tdi Top stav 1 majiteľ Virtual 4x4 Nezávislé kurenie,2022,122000,24500,Diesel,7-st. automatická,110,SUV,2026-08-08T10:52:14.000Z,https://www.autobazar.eu/detail/skoda-kodiaq-20tdi-top-stav-1-majitel-virtual-4x4/AmKE8SAyoq9/,5,True,
Škoda Kodiaq 2.0 TDI L&K 110KW EVO 360•/Webasto/Matrix/Ťažné/Ventilovane/Masáž/Samopark,2022,152000,28800,Diesel,7-st. automatická,110,SUV,2026-08-10T20:15:52.000Z,https://www.autobazar.eu/detail/skoda-kodiaq-20-tdi-landk-4x4-110kw-evo-tazne-360-vetrane-canton/AmdV6On2Den/,5,True,
Škoda Kodiaq 2.0 TDI SCR EVO Style 4x4 DSG,2023,144980,25690,Diesel,7-st. automatická,110,SUV,2026-08-10T06:56:44.000Z,https://www.autobazar.eu/detail/skoda-kodiaq-20-tdi-scr-evo-style-4x4-dsg/AmFO4WSw31G/,5,True,
Škoda Kodiaq 2.0 TSI Style 4x4 DSG,2020,155000,26990,Benzín,7-st. automatická,140,SUV,2026-08-08T10:25:42.000Z,https://www.autobazar.eu/detail/skoda-kodiaq-20-tsi-style-4x4-dsg/Amw_qPcpvsO/,5,False,"fuel_mismatch(got=Benzín, want=Diesel)"
Škoda Kodiaq Style 2.0 TDI 147kW 4x4 DSG / ALU 19''+ ALU 18'',2022,164051,27311,Diesel,Automatická,147,SUV,2026-08-08T10:25:52.000Z,https://www.autobazar.eu/detail/skoda-kodiaq-style-20-tdi-147kw-4x4-dsg-alu-19-alu-18/Am7UJzBdzzx/,5,True,
Škoda Kodiaq 2.0TDI 110kW AT7 4x4,2024,157000,27990,Diesel,7-st. automatická,110,SUV,2026-08-08T10:25:44.000Z,https://www.autobazar.eu/detail/skoda-kodiaq-20tdi-110kw-at7-4x4/AmYkH6_oRI_/,5,True,
Škoda Kodiaq Style 2.0 TDI 147kW 4x4 DSG / Webasto / Tažné / Matrix / Columbus / Race modrá,2023,131583,28053,Diesel,Automatická,147,SUV,2026-08-08T10:27:12.000Z,https://www.autobazar.eu/detail/skoda-kodiaq-style-20-tdi-147kw-4x4-dsg-webasto-tazne-matrix-columbus-race-modra/AmfI4fd00DE/,5,True,
Škoda Kodiaq Style 2.0 TDI 147kW 4x4 DSG / Nezávislé topení / Tažné zařízení / Matrix LED / ...,2023,131908,28466,Diesel,Automatická,147,SUV,2026-08-08T12:30:22.000Z,https://www.autobazar.eu/detail/skoda-kodiaq-style-20-tdi-147kw-4x4-dsg-nezavisle-topeni-tazne-zarizeni-matrix-led/AmvvPA8AEz-/,5,True,
