title,year,km,price,fuel,transmission,power,body_type,listing_date,url,search_query,search_page
Škoda Kodiaq 2.0 TDI SCR 190k Style DSG 4x4,2018.0,112070.0,23990,Diesel,7-st. automatická,140.0,SUV,2026-08-10T11:40:32.000Z,https://www.autobazar.eu/detail/skoda-kodiaq-20-tdi-scr-190k-style-dsg-4x4/AmtnKZSApGG/,Škoda Kodiaq 2.0 TDI,1
Škoda Kodiaq Exlusive Selection 2.0 TDI 142KW | 7 miest | 4x4 | Matrix LED,2024.0,21945.0,52990,Diesel,7-st. automatická,142.0,SUV,2026-08-10T11:40:16.000Z,https://www.autobazar.eu/detail/skoda-kodiaq-new-exclusive-selection-7seat-20-tdi-4x4-142kw-5d2024/AmRZHN-Okwp/,Škoda Kodiaq 2.0 TDI,1
Škoda Kodiaq 2.0 TDI SCR STYLE DSG 110kW150HP A7,2017.0,194000.0,18300,Diesel,Automatická,110.0,SUV / Off-road,2026-08-10T17:03:00.323Z,https://www.autobazar.eu/detail/skoda-kodiaq-20-tdi-scr-ambition-dsg-110kw150hp-a7/AeiD_xIjkfg/,Škoda Kodiaq 2.0 TDI,1
Škoda Kodiaq Exclusive Selection 2.0 TDI 142KW 4x4,2024.0,10480.0,53390,Diesel,7-st. automatická,142.0,SUV,2026-08-10T13:30:12.000Z,https://www.autobazar.eu/detail/skoda-kodiaq-new-exclusive-selection-2024-20-tdi-4x4-led-matrix/AmfLrsJr7DyO/,Škoda Kodiaq 2.0 TDI,1
Škoda Kodiaq Selection 4x4 2.0 TDI 142kW DSG,2024.0,29925.0,45990,Diesel,7-st. automatická,142.0,SUV,2026-08-08T11:30:26.000Z,https://www.autobazar.eu/detail/skoda-kodiaq-selection-4x4-20-tdi-142kw-dsg/Amna4Pv2Hs_/,Škoda Kodiaq 2.0 TDI,1
Škoda Kodiaq Kodiaq 2.0 TDI SCR Style DSG 4x4 110kW150HP A7,2020.0,188100.0,23000,Diesel,7-st. automatická,110.0,SUV / Off-road,2026-03-06T14:51:31.723Z,https://www.autobazar.eu/detail/skoda-kodiaq-kodiaq-20-tdi-scr-style-dsg-4x4-110kw150hp-a7/AeEqAe0xHaN/,Škoda Kodiaq 2.0 TDI,1
Škoda Kodiaq 2.0 TDI SCR EVO 200 L&K 4x4 DSG,2023.0,128677.0,32990,Diesel,7-st. automatická,147.0,SUV,2026-08-07T13:10:20.000Z,https://www.autobazar.eu/detail/skoda-kodiaq-20-tdi-scr-evo-200-landk-4x4-dsg/AmPdWS_OW08/,Škoda Kodiaq 2.0 TDI,1
"Škoda Kodiaq 2.0 TDI 4x4 DSG Sportline, Pôvodný lak, SR",2021.0,154160.0,27999,Diesel,7-st. automatická,147.0,SUV,2026-08-07T11:00:49.000Z,https://www.autobazar.eu/detail/skoda-kodiaq-20-tdi-4x4-dsg-sportline-povodny-lak-sr/AmweVYaOOqf/,Škoda Kodiaq 2.0 TDI,1
Škoda Kodiaq 2.0 TDI SCR EVO Style DSG 110kW150HP A7,2023.0,150039.0,23900,Diesel,7-st. automatická,110.0,SUV / Off-road,2026-08-08T07:12:43.569Z,https://www.autobazar.eu/detail/skoda-kodiaq-20-tdi-scr-evo-style-dsg-110kw150hp-a7/AegXoj3Ouuw/,Škoda Kodiaq 2.0 TDI,1
Škoda Kodiaq 2.0 TDI SCR EVO Style DSG,2022.0,74707.0,32500,Diesel,7-st. automatická,110.0,SUV,2026-08-07T07:57:38.000Z,https://www.autobazar.eu/detail/skoda-kodiaq-20-tdi-scr-evo-style-dsg/AmEn1Yw6kdu/,Škoda Kodiaq 2.0 TDI,1
Škoda Kodiaq SPORTLINE 2.0 TDI 4X4 142kW 7. miest,2025.0,21678.0,54120,Diesel,7-st. automatická,142.0,Combi,2026-08-08T06:55:25.885Z,https://www.autobazar.eu/detail/skoda-kodiaq-sportline-20-tdi-4x4-142kw-7-miest/AeNn2BNbJhd/,Škoda Kodiaq 2.0 TDI,1
Škoda Kodiaq 2.0 TDI SCR EVO Style DSG 110kW150HP A7,2022.0,143851.0,23900,Diesel,7-st. automatická,110.0,SUV / Off-road,2026-08-08T07:12:43.569Z,https://www.autobazar.eu/detail/skoda-kodiaq-20-tdi-scr-evo-style-dsg-110kw150hp-a7/AeM4de50FE8/,Škoda Kodiaq 2.0 TDI,1
"Škoda Kodiaq 2.0 TDI A7 4x4 142kw Webasto,Nelakované,Head Up,Masáž,360 kamery,Ťažné",2024.0,39456.0,38990,Diesel,7-st. automatická,142.0,SUV,2026-08-05T09:37:41.000Z,https://www.autobazar.eu/detail/skoda-kodiaq-20-tdi-a7-4x4-142kw-webastonelakovanehead-upmasaz360-kamerytazne/AmfqenjG30_/,Škoda Kodiaq 2.0 TDI,1
Škoda Kodiaq 2.0 TDI SCR EVO LK DSG 110kW150HP A7,2022.0,117057.0,27990,Diesel,7-st. automatická,110.0,SUV / Off-road,2026-08-07T18:24:45.696Z,https://www.autobazar.eu/detail/skoda-kodiaq-20-tdi-scr-evo-lk-dsg-110kw150hp-a7/AeBJvY0bvJL/,Škoda Kodiaq 2.0 TDI,1
"Škoda Kodiaq 2.0 TDI Top Stav, Style, DSG",2022.0,139800.0,22800,Diesel,7-st. automatická,110.0,SUV,2026-08-08T10:51:41.000Z,https://www.autobazar.eu/detail/skoda-kodiaq-20-tdi-scr-evo-style-dsg/AmcMGRQjfWD/,Škoda Kodiaq 2.0 TDI,1
Škoda Kodiaq 2.0 TDI Štýle Virtual 7 miestne,2024.0,87600.0,27990,Diesel,7-st. automatická,110.0,SUV,2026-08-09T09:30:16.000Z,https://www.autobazar.eu/detail/skoda-kodiaq-20-tdi-scr-evo-style-dsg/AmBf89_EGH4/,Škoda Kodiaq 2.0 TDI,1
Škoda Kodiaq 2.0 TDI SCR Style DSG 110kW150HP A7,2018.0,120000.0,20000,Diesel,7-st. automatická,110.0,SUV / Off-road,2026-07-29T22:14:54.180Z,https://www.autobazar.eu/detail/skoda-kodiaq-20-tdi-scr-style-dsg-110kw150hp-a7/Ae243k3Ae3D/,Škoda Kodiaq 2.0 TDI,1
Škoda Kodiaq 2.0 TDI SCR EVO Joy Plus DSG 110kW150HP A7,2022.0,137782.0,23300,Diesel,7-st. automatická,110.0,SUV / Off-road,2026-08-08T08:20:42.718Z,https://www.autobazar.eu/detail/skoda-kodiaq-20-tdi-scr-evo-joy-plus-dsg-110kw150hp-a7/Aekmlifc04q/,Škoda Kodiaq 2.0 TDI,1
Škoda Kodiaq 2.0 TDI SCR EVO Active DSG 110kW150HP A7,2021.0,130671.0,23900,Diesel,7-st. automatická,110.0,SUV / Off-road,2026-08-08T07:12:43.569Z,https://www.autobazar.eu/detail/skoda-kodiaq-20-tdi-scr-evo-active-dsg-110kw150hp-a7/Ae6qFauHQtu/,Škoda Kodiaq 2.0 TDI,1
Škoda Kodiaq 2.0 TDI SCR RS DSG 4x4 176kW239HP A7,2020.0,226000.0,22999,Diesel,7-st. automatická,176.0,SUV / Off-road,2026-06-02T10:30:56.917Z,https://www.autobazar.eu/detail/skoda-kodiaq-20-tdi-scr-rs-dsg-4x4-176kw239hp-a7/AeduZVyHNG1/,Škoda Kodiaq 2.0 TDI,1
Škoda Kodiaq 2.0 TDI SCR EVO Ambition DSG 110kW150HP A7,2023.0,105673.0,24999,Diesel,7-st. automatická,110.0,SUV / Off-road,2026-07-13T16:31:20.532Z,https://www.autobazar.eu/detail/skoda-kodiaq-20-tdi-scr-evo-ambition-dsg-110kw150hp-a7/AebRurMNPW0/,Škoda Kodiaq 2.0 TDI,2
Škoda Kodiaq 2.0 TDI SCR 190k LK DSG 4x4 140kW190HP A7,2019.0,126000.0,23950,Diesel,Automatická,140.0,SUV / Off-road,2026-08-10T09:45:15.413Z,https://www.autobazar.eu/detail/skoda-kodiaq-20-tdi-scr-190k-lk-dsg-4x4-140kw190hp-a7/Ae1AIGjHjJe/,Škoda Kodiaq 2.0 TDI,2
Škoda Kodiaq 2.0 TDI SCR EVO 200 LK 4x4 DSG 147kW201HP A7,2022.0,75000.0,37990,Diesel,7-st. automatická,147.0,SUV / Off-road,2026-08-09T20:46:54.507Z,https://www.autobazar.eu/detail/skoda-kodiaq-20-tdi-scr-evo-200-lk-4x4-dsg-147kw201hp-a7/AePiuTDNQAd/,Škoda Kodiaq 2.0 TDI,2
Škoda Kodiaq 2.0 TDI SCR EVO 200 LK 4x4 DSG 147kW201HP A7,2024.0,37200.0,36500,Diesel,7-st. automatická,147.0,SUV / Off-road,2026-08-08T14:07:16.751Z,https://www.autobazar.eu/detail/skoda-kodiaq-20-tdi-scr-evo-200-lk-4x4-dsg-147kw201hp-a7/AeU1BcFdPLq/,Škoda Kodiaq 2.0 TDI,2
"Škoda Kodiaq 2.0 TDI Sportline 4x4 DSG 147kW201HP A7, 7miestne",2024.0,21052.0,48900,Diesel,7-st. automatická,142.0,SUV,2026-08-06T05:08:02.503Z,https://www.autobazar.eu/detail/skoda-kodiaq-20-tdi-scr-evo-200-sportline-4x4-dsg-147kw201hp-a7/AeFwxoljVVj/,Škoda Kodiaq 2.0 TDI,2
Škoda Kodiaq 2.0 TDI SCR EVO 200 LK 4x4 DSG 147kW201HP A7,2022.0,51000.0,19700,Diesel,7-st. automatická,147.0,SUV / Off-road,2026-08-09T15:58:55.778Z,https://www.autobazar.eu/detail/skoda-kodiaq-20-tdi-scr-evo-200-lk-4x4-dsg-147kw201hp-a7/Ae6W0jMCEOv/,Škoda Kodiaq 2.0 TDI,2
Škoda Kodiaq 2.0 TDI SCR EVO Sportline DSG 110kW150HP A7,2023.0,112000.0,27500,Diesel,Automatická,110.0,SUV / Off-road,2026-08-06T05:56:14.361Z,https://www.autobazar.eu/detail/skoda-kodiaq-20-tdi-scr-evo-sportline-dsg-110kw150hp-a7/Ae7dE07zp2G/,Škoda Kodiaq 2.0 TDI,2
Škoda Kodiaq 2.0 TDI SCR EVO Final Edition DSG 110kW150HP A7,2024.0,22000.0,32850,Diesel,7-st. automatická,110.0,SUV / Off-road,2026-08-10T13:41:57.092Z,https://www.autobazar.eu/detail/skoda-kodiaq-2024/Aet6_0kH4UK/,Škoda Kodiaq 2.0 TDI,2
Škoda Kodiaq 2.0 TDI SCR 190k Sportline DSG 4x4,2019.0,175550.0,24999,Diesel,7-st. automatická,140.0,SUV,2026-08-10T10:36:41.126Z,https://www.autobazar.eu/detail/skoda-kodiaq-20-tdi-scr-190k-sportline-dsg-4x4/Ae_Vx3YlDhG/,Škoda Kodiaq 2.0 TDI,2
Škoda Kodiaq 2.0 TDI SCR EVO Style DSG 110 kW150HP A7 WEBASTO TAZNE,2023.0,172000.0,23690,Diesel,7-st. automatická,110.0,SUV / Off-road,2026-07-30T20:02:49.103Z,https://www.autobazar.eu/detail/skoda-kodiaq-20-tdi-scr-evo-style-dsg-110-kw150hp-a7-webasto-tazne/Ae5kK4yN2Ep/,Škoda Kodiaq 2.0 TDI,2
Škoda Kodiaq 2.0 TDI SCR 190k Style DSG 4x4 140kW190HP A7,2017.0,177000.0,21790,Diesel,Automatická,140.0,SUV / Off-road,2026-08-01T08:22:45.081Z,https://www.autobazar.eu/detail/skoda-kodiaq-20-tdi-scr-190k-style-dsg-4x4-140kw190hp-a7/AexzmuwFlAM/,Škoda Kodiaq 2.0 TDI,2
Škoda Kodiaq 2.0 TDI SCR RS DSG 4x4 176kW239HP A7,2020.0,137400.0,32900,Diesel,7-st. automatická,176.0,SUV / Off-road,2026-07-01T07:26:04.133Z,https://www.autobazar.eu/detail/skoda-kodiaq-20-tdi-scr-rs-dsg-4x4-176kw239hp-a7/Ae_Yc8JdD-u/,Škoda Kodiaq 2.0 TDI,2
Škoda Kodiaq 2.0 TDI SCR 190k Style DSG 4x4 140kW190HP A7,2020.0,113000.0,23990,Diesel,Automatická,140.0,SUV / Off-road,2026-07-28T20:41:13.365Z,https://www.autobazar.eu/detail/skoda-kodiaq-20-tdi-scr-190k-style-dsg-4x4-140kw190hp-a7/AeE3HWTL-Iq/,Škoda Kodiaq 2.0 TDI,2
Škoda Kodiaq Scout SUV 4x4 2.0 TDi 140kw AT 7,2020.0,77200.0,25900,Diesel,7-st. automatická,140.0,SUV,2026-06-30T20:25:01.555Z,https://www.autobazar.eu/detail/skoda-kodiaq-scout-suv-4x4-20-tdi-140kw-at-7/AeVuCs42yZY/,Škoda Kodiaq 2.0 TDI,2
Škoda Kodiaq 2.0 TDI SCR EVO 200 Style 4x4 DSG 147kW201HP A7,2021.0,68300.0,29999,Diesel,7-st. automatická,147.0,SUV / Off-road,2026-07-27T15:51:43.606Z,https://www.autobazar.eu/detail/skoda-kodiaq-20-tdi-scr-evo-200-style-4x4-dsg-147kw201hp-a7/AewC-L76nJf/,Škoda Kodiaq 2.0 TDI,2
Škoda Kodiaq 2.0 TDI SCR Ambition DSG 110kW150HP A7,2020.0,158800.0,21990,Diesel,7-st. automatická,110.0,SUV / Off-road,2026-07-27T13:08:59.261Z,https://www.autobazar.eu/detail/skoda-kodiaq-20-tdi-scr-ambition-dsg-110kw150hp-a7/AeOzeRCjmTp/,Škoda Kodiaq 2.0 TDI,2
Škoda Kodiaq 2.0 TDI SCR EVO 200 Style 4x4 DSG 147kW201HP A7,2022.0,102000.0,28500,Diesel,7-st. automatická,147.0,SUV / Off-road,2026-07-27T07:26:27.609Z,https://www.autobazar.eu/detail/skoda-kodiaq-20-tdi-scr-evo-200-style-4x4-dsg-147kw201hp-a7/Aeo0mdiZG5G/,Škoda Kodiaq 2.0 TDI,2
Škoda Kodiaq 2.0 TDI SCR EVO Style DSG 110kW150HP A7,2021.0,160000.0,22190,Diesel,7-st. automatická,110.0,SUV / Off-road,2026-07-27T06:39:29.160Z,https://www.autobazar.eu/detail/skoda-kodiaq-20-tdi-scr-evo-style-dsg-110kw150hp-a7/Ae-oG16aRFS/,Škoda Kodiaq 2.0 TDI,2
Škoda Kodiaq 2.0 TDI SCR Style DSG 4x4 110kW150HP A7,2018.0,196200.0,19899,Diesel,Automatická,110.0,SUV / Off-road,2026-07-26T18:12:46.824Z,https://www.autobazar.eu/detail/skoda-kodiaq-20-tdi-scr-style-dsg-4x4-110kw150hp-a7/AeSxmRccWw6/,Škoda Kodiaq 2.0 TDI,2
Škoda Kodiaq 2.0 TDI SCR EVO 200 LK 4x4 DSG 147kW201HP A7,2023.0,85200.0,35490,Diesel,Automatická,147.0,SUV / Off-road,2026-07-28T08:05:57.490Z,https://www.autobazar.eu/detail/skoda-kodiaq-20-tdi-scr-evo-200-lk-4x4-dsg-147kw201hp-a7/Ae1IsmNPuTJ/,Škoda Kodiaq 2.0 TDI,2
Škoda Kodiaq 2.0 TDI SCR 190k Style DSG 4x4 140kW190HP A7,2018.0,114200.0,21600,Diesel,7-st. automatická,140.0,SUV / Off-road,2026-07-05T11:55:11.135Z,https://www.autobazar.eu/detail/skoda-kodiaq-20-tdi-scr-190k-style-dsg-4x4-140kw190hp-a7/AecQZ_n2wBT/,Škoda Kodiaq 2.0 TDI,3
Škoda Kodiaq 2.0 TDI SCR 190k Style DSG 4x4 140kW190HP A7,2017.0,203000.0,17800,Diesel,Automatická,140.0,SUV / Off-road,2026-07-21T15:04:36.195Z,https://www.autobazar.eu/detail/skoda-kodiaq-20-tdi-scr-190k-style-dsg-4x4-140kw190hp-a7/AeoN5sziqj7/,Škoda Kodiaq 2.0 TDI,3
Škoda Kodiaq 2.0 TDI SCR EVO 200 Sportline 4x4 DSG 147kW201HP A7,2021.0,90150.0,30190,Diesel,Automatická,147.0,SUV / Off-road,2026-08-06T19:59:45.408Z,https://www.autobazar.eu/detail/skoda-kodiaq-20-tdi-scr-evo-200-sportline-4x4-dsg-147kw201hp-a7/AeZw5jBniGq/,Škoda Kodiaq 2.0 TDI,3
Škoda Kodiaq 2.0 TDI SCR RS DSG 4x4 176kW239HP A7,2020.0,169000.0,26490,Diesel,7-st. automatická,176.0,SUV / Off-road,2026-07-18T12:52:17.953Z,https://www.autobazar.eu/detail/skoda-kodiaq-20-tdi-scr-rs-dsg-4x4-176kw239hp-a7/AeSzuwP3Q90/,Škoda Kodiaq 2.0 TDI,3
Škoda Kodiaq 2025 Śkoda Kodiaq Sportline 2.0 TDI 4x4 - Fully loaded,2025.0,13000.0,47000,Diesel,Automatická,142.0,SUV / Combi,2026-07-20T06:16:28.610Z,https://www.autobazar.eu/detail/skoda-kodiaq-2025-skoda-kodiaq-sportline-20-tdi-4x4-fully-loaded/AeyfUh8YgtI/,Škoda Kodiaq 2.0 TDI,3
Škoda Kodiaq 7 miestne top stav bez škrabancov 2 sady pneu letne zimné,2023.0,68500.0,27999,Diesel,Automatická,110.0,SUV,2026-07-17T15:03:35.785Z,https://www.autobazar.eu/detail/skoda-kodiaq-2023/AeZVReqsDMa/,Škoda Kodiaq 2.0 TDI,3
Škoda Kodiaq 2.0 TDI SCR 190k Scout 4x4 DSG 140kW190HP A7,2020.0,148000.0,25900,Diesel,7-st. automatická,140.0,SUV / Off-road,2026-08-08T16:09:14.950Z,https://www.autobazar.eu/detail/skoda-kodiaq-20-tdi-scr-190k-scout-4x4-dsg-140kw190hp-a7/AeiAX4qS7CE/,Škoda Kodiaq 2.0 TDI,3
"Škoda Kodiaq Platinum 2.0 TDI 142,00 kW 7-stup. automat. 4x4",2026.0,5912.0,51299,Diesel,7-gear automatic,142.0,SUV,2026-07-16T14:39:38.810Z,https://www.autobazar.eu/detail/skoda-kodiaq-platinum-20-tdi-14200-kw-7-stup-automat-4x4/AejfQS6pB7H/,Škoda Kodiaq 2.0 TDI,3
Škoda Kodiaq 2.0 TDI SCR EVO Ambition DSG,2022.0,144809.0,24490,Diesel,7-st. automatická,110.0,SUV,2026-08-10T06:10:25.000Z,https://www.autobazar.eu/detail/skoda-kodiaq-20-tdi-scr-evo-ambition-dsg/AmW-qgoqZoc/,Škoda Kodiaq 2.0 TDI,3
Škoda Kodiaq 2.0 TDI SCR EVO Sportline DSG,2022.0,181443.0,27400,Diesel,7-st. automatická,110.0,SUV,2026-08-08T05:44:43.000Z,https://www.autobazar.eu/detail/skoda-kodiaq-20-tdi-scr-evo-sportline-dsg/Am0Zpig72QL/,Škoda Kodiaq 2.0 TDI,3
"Škoda Kodiaq 2.0 TDI 4x4 DSG Ambition, Slovenské vozidlo",2022.0,230230.0,19999,Diesel,7-st. automatická,110.0,SUV,2026-08-07T11:01:07.000Z,https://www.autobazar.eu/detail/skoda-kodiaq-20-tdi-4x4-dsg-ambition-slovenske-vozidlo/AmM31DWBiX-/,Škoda Kodiaq 2.0 TDI,3
Škoda Kodiaq 2.0 TDI SCR Ambition DSG,2021.0,101980.0,23999,Diesel,7-st. automatická,110.0,SUV,2026-08-07T08:10:16.000Z,https://www.autobazar.eu/detail/skoda-kodiaq-20-tdi-scr-ambition-dsg/Am9Ned_LLSf/,Škoda Kodiaq 2.0 TDI,3
Škoda Kodiaq 2.0 TDI SCR EVO 200 Sportline 4x4 DSG,2022.0,143600.0,33990,Diesel,7-st. automatická,147.0,SUV,2026-08-10T18:31:17.000Z,https://www.autobazar.eu/detail/skoda-kodiaq-20-tdi-scr-evo-200-sportline-4x4-dsg/AmTh_nZrSoP/,Škoda Kodiaq 2.0 TDI,3
Škoda Kodiaq 2.0 TDI SCR EVO 200 Sportline 4x4 DSG,2022.0,117731.0,31999,Diesel,7-st. automatická,147.0,SUV,2026-08-06T09:51:24.000Z,https://www.autobazar.eu/detail/skoda-kodiaq-20-tdi-scr-evo-200-sportline-4x4-dsg/AmhzqLbx-PE/,Škoda Kodiaq 2.0 TDI,3
Škoda Kodiaq Style 2.0 TDI 147kW 4x4 DSG / 7-míst / Tažné zařízení / Panorama / Matrix-Beam ...,2023.0,121772.0,29992,Diesel,Automatická,147.0,SUV,2026-08-09T09:10:24.000Z,https://www.autobazar.eu/detail/skoda-kodiaq-style-20-tdi-147kw-4x4-dsg-7-mist-tazne-zarizeni-panorama-matrix-beam/AmlzFENNXw2/,Škoda Kodiaq 2.0 TDI,3
Škoda Kodiaq Style 2.0 TDI 140kW 4x4 DSG / Webasto / Tažné / Canton / 360° kamera / DCC / Vy...,2017.0,253134.0,16048,Diesel,Automatická,140.0,SUV,2026-08-08T10:27:16.000Z,https://www.autobazar.eu/detail/skoda-kodiaq-style-20-tdi-140kw-4x4-dsg-webasto-tazne-canton-360-kamera-dcc-vy/AmrQoxhCzAX/,Škoda Kodiaq 2.0 TDI,3
Škoda Kodiaq 2.0 TDI SCR Style DSG,2018.0,163000.0,18850,Diesel,7-st. automatická,110.0,SUV,2026-08-10T05:18:35.000Z,https://www.autobazar.eu/detail/skoda-kodiaq-20-tdi-scr-style-dsg/AmWbX_WmpTX/,Škoda Kodiaq 2.0 TDI,3
Škoda Kodiaq 2.0 TDI SCR EVO Ambition DSG,2022.0,176000.0,19900,Diesel,7-st. automatická,110.0,SUV,2026-08-07T07:20:20.000Z,https://www.autobazar.eu/detail/skoda-kodiaq-20-tdi-scr-evo-ambition-dsg/Am3O40l21Zv/,Škoda Kodiaq 2.0 TDI,3
Škoda Kodiaq 2.0 TDI SCR EVO Ambition DSG,2023.0,89900.0,23500,Diesel,7-st. automatická,110.0,SUV,2026-08-08T10:52:12.000Z,https://www.autobazar.eu/detail/skoda-kodiaq-20-tdi-scr-evo-ambition-dsg/AmzmHM4IoTV/,Škoda Kodiaq 2.0 TDI,3
Škoda Kodiaq 2.0Tdi Top stav 1 majiteľ Virtual 4x4 Nezávislé kurenie,2022.0,122000.0,24500,Diesel,7-st. automatická,110.0,SUV,2026-08-08T10:52:14.000Z,https://www.autobazar.eu/detail/skoda-kodiaq-20tdi-top-stav-1-majitel-virtual-4x4/AmKE8SAyoq9/,Škoda Kodiaq 2.0 TDI,3
Škoda Kodiaq 2.0 TDI L&K 110KW EVO 360•/Webasto/Matrix/Ťažné/Ventilovane/Masáž/Samopark,2022.0,152000.0,28800,Diesel,7-st. automatická,110.0,SUV,2026-08-10T20:15:52.000Z,https://www.autobazar.eu/detail/skoda-kodiaq-20-tdi-landk-4x4-110kw-evo-tazne-360-vetrane-canton/AmdV6On2Den/,Škoda Kodiaq 2.0 TDI,4
Škoda Kodiaq 2.0 TDI SCR EVO Style 4x4 DSG,2023.0,144980.0,25690,Diesel,7-st. automatická,110.0,SUV,2026-08-10T06:56:44.000Z,https://www.autobazar.eu/detail/skoda-kodiaq-20-tdi-scr-evo-style-4x4-dsg/AmFO4WSw31G/,Škoda Kodiaq 2.0 TDI,4
Škoda Kodiaq Style 2.0 TDI 147kW 4x4 DSG / ALU 19''+ ALU 18'',2022.0,164051.0,27311,Diesel,Automatická,147.0,SUV,2026-08-08T10:25:52.000Z,https://www.autobazar.eu/detail/skoda-kodiaq-style-20-tdi-147kw-4x4-dsg-alu-19-alu-18/Am7UJzBdzzx/,Škoda Kodiaq 2.0 TDI,4
Škoda Kodiaq Style 2.0 TDI 147kW 4x4 DSG / Webasto / Tažné / Matrix / Columbus / Race modrá,2023.0,131583.0,28053,Diesel,Automatická,147.0,SUV,2026-08-08T10:27:12.000Z,https://www.autobazar.eu/detail/skoda-kodiaq-style-20-tdi-147kw-4x4-dsg-webasto-tazne-matrix-columbus-race-modra/AmfI4fd00DE/,Škoda Kodiaq 2.0 TDI,4
Škoda Kodiaq Style 2.0 TDI 147kW 4x4 DSG / Nezávislé topení / Tažné zařízení / Matrix LED / ...,2023.0,131908.0,28466,Diesel,Automatická,147.0,SUV,2026-08-08T12:30:22.000Z,https://www.autobazar.eu/detail/skoda-kodiaq-style-20-tdi-147kw-4x4-dsg-nezavisle-topeni-tazne-zarizeni-matrix-led/AmvvPA8AEz-/,Škoda Kodiaq 2.0 TDI,4
Škoda Kodiaq 2.0 TDI 110kW DSG Sportline / ALU 19'',2024.0,160816.0,29194,Diesel,Automatická,110.0,SUV,2026-08-08T10:26:17.000Z,https://www.autobazar.eu/detail/skoda-kodiaq-20-tdi-110kw-dsg-sportline-alu-19/AmJmrkddfZq/,Škoda Kodiaq 2.0 TDI,4
Škoda Kodiaq Style 2.0 TDI 147kW 4x4 DSG / Tažné zařízení / Nezávislé topení Webasto / Matri...,2023.0,111973.0,29497,Diesel,Automatická,147.0,SUV,2026-08-08T10:27:24.000Z,https://www.autobazar.eu/detail/skoda-kodiaq-style-20-tdi-147kw-4x4-dsg-tazne-zarizeni-nezavisle-topeni-webasto-matri/AmtNKs8wXk5/,Škoda Kodiaq 2.0 TDI,4
Škoda Kodiaq 2.0 TDI SCR EVO 200 Style 4x4 DSG,2022.0,117530.0,31690,Diesel,7-st. automatická,147.0,SUV,2026-08-10T08:01:33.000Z,https://www.autobazar.eu/detail/skoda-kodiaq-20-tdi-scr-evo-200-style-4x4-dsg/AmzW7ciSYkZ/,Škoda Kodiaq 2.0 TDI,4
Škoda Kodiaq Sportline 2.0 TDI 147kW 4x4 DSG / ALU 19'',2023.0,124505.0,30075,Diesel,Automatická,147.0,SUV,2026-08-08T10:27:07.000Z,https://www.autobazar.eu/detail/skoda-kodiaq-sportline-20-tdi-147kw-4x4-dsg-alu-19/AmcprvgXxaz/,Škoda Kodiaq 2.0 TDI,4
Škoda Kodiaq Style 2.0 TDI 147 kW 4×4 DSG / Canton / Area View 360° / Tažné / Nezávislé tope...,2023.0,127384.0,30529,Diesel,Automatická,147.0,SUV,2026-08-08T10:27:18.000Z,https://www.autobazar.eu/detail/skoda-kodiaq-style-20-tdi-147-kw-44-dsg-canton-area-view-360-tazne-nezavisle-tope/Am2ZxngieBS/,Škoda Kodiaq 2.0 TDI,4
Škoda Kodiaq Sportline 2.0 TDI 147kW 4x4 DSG / ALU 20''/ Tažné,2022.0,132512.0,30529,Diesel,Automatická,147.0,SUV,2026-08-08T10:27:12.000Z,https://www.autobazar.eu/detail/skoda-kodiaq-sportline-20-tdi-147kw-4x4-dsg-alu-20-tazne/AmCWrGZs7EY/,Škoda Kodiaq 2.0 TDI,4
Škoda Kodiaq 2.0 TDI 147kW 4x4 DSG / Matrix Led / Tažné / ALU 18'',2023.0,112231.0,30611,Diesel,Automatická,147.0,SUV,2026-08-08T10:27:15.000Z,https://www.autobazar.eu/detail/skoda-kodiaq-20-tdi-147kw-4x4-dsg-matrix-led-tazne-alu-18/Amy30h-nIre/,Škoda Kodiaq 2.0 TDI,4
Škoda Kodiaq Sportline 2.0 TDI 147kW 4x4 DSG / El. výklopné tažné / Matrix-Beam / Kůže Suedi...,2022.0,130172.0,30900,Diesel,Automatická,147.0,SUV,2026-08-08T12:30:24.000Z,https://www.autobazar.eu/detail/skoda-kodiaq-sportline-20-tdi-147kw-4x4-dsg-el-vyklopne-tazne-matrix-beam-kuze-suedi/AmJC7LxtcjS/,Škoda Kodiaq 2.0 TDI,4
Škoda Kodiaq Style 2.0 TDI 147kW 4x4 DSG / ALU 18''+ ALU 17'',2023.0,95836.0,31601,Diesel,Automatická,147.0,SUV,2026-08-08T10:26:19.000Z,https://www.autobazar.eu/detail/skoda-kodiaq-style-20-tdi-147kw-4x4-dsg-alu-18-alu-17/AmJmAdmqy7p/,Škoda Kodiaq 2.0 TDI,4
Škoda Kodiaq 2.0 TDI 147kW 4x4 DSG Style / Webasto / ALU 18''+ ALU 17'',2024.0,111589.0,32055,Diesel,Automatická,147.0,SUV,2026-08-08T10:26:03.000Z,https://www.autobazar.eu/detail/skoda-kodiaq-20-tdi-147kw-4x4-dsg-style-webasto-alu-18-alu-17/AmYK-Mr4K-N/,Škoda Kodiaq 2.0 TDI,4
Škoda Kodiaq Sportline 2.0 TDI 110kW DSG / ALU 19''+ ALU 17'',2023.0,78848.0,32126,Diesel,Automatická,110.0,SUV,2026-08-08T10:26:17.000Z,https://www.autobazar.eu/detail/skoda-kodiaq-sportline-20-tdi-110kw-dsg-alu-19-alu-17/AmEm-5aJEyu/,Škoda Kodiaq 2.0 TDI,4
Škoda Kodiaq 2.0 TDI 147 kW 4×4 DSG Sportline / ČR původ / 1. majitel / Tažné / Nezávislé to...,2024.0,64077.0,36964,Diesel,Automatická,147.0,SUV,2026-08-08T10:27:13.000Z,https://www.autobazar.eu/detail/skoda-kodiaq-20-tdi-147-kw-44-dsg-sportline-cr-puvod-1-majitel-tazne-nezavisle-to/AmoJ7NUzOAg/,Škoda Kodiaq 2.0 TDI,4
Škoda Kodiaq 2.0 TDI SCR EVO 200 L K 4x4 DSG,2021.0,100000.0,36990,Diesel,7-st. automatická,147.0,SUV,2026-08-08T10:24:32.000Z,https://www.autobazar.eu/detail/skoda-kodiaq-20-tdi-scr-evo-200-l-k-4x4-dsg/AmaPYzcy8Bn/,Škoda Kodiaq 2.0 TDI,4
Škoda Kodiaq Selection 2.0 TDI 142KW 4x4 2024 /Kessy/Ťažné/Canton/360•/Matrix/23TISKM,2024.0,23000.0,37980,Diesel,7-st. automatická,142.0,SUV,2026-08-10T20:15:52.000Z,https://www.autobazar.eu/detail/skoda-kodiaq-selection-20-tdi-142kw-4x4-2024-taznecanton360led23tiskm/AmrO84QxAOM/,Škoda Kodiaq 2.0 TDI,4
Škoda Kodiaq 2.0 TDI 147kW 4x4 DSG Laurin & Klement / ALU 19''+ ALU 18'',2024.0,49056.0,39274,Diesel,Automatická,147.0,SUV,2026-08-08T10:26:06.000Z,https://www.autobazar.eu/detail/skoda-kodiaq-20-tdi-147kw-4x4-dsg-laurin-and-klement-alu-19-alu-18/Am7Wv0O4na0/,Škoda Kodiaq 2.0 TDI,4
Škoda Kodiaq Selection 2.0 TDI 142kW 4x4 DSG / Tažné / Mod. 2025 / ALU,2025.0,32735.0,39687,Diesel,Automatická,142.0,SUV,2026-08-08T10:27:02.000Z,https://www.autobazar.eu/detail/skoda-kodiaq-selection-20-tdi-142kw-4x4-dsg-tazne-mod-2025-alu/AmVm7ycNDMc/,Škoda Kodiaq 2.0 TDI,5
"Škoda Kodiaq SELECTION 2.0 TDI, 142 kW, 4x4, 7 DSG",2025.0,16000.0,44890,Diesel,7-st. automatická,142.0,SUV / Off-road,2026-08-04T12:35:50.000Z,https://www.autobazar.eu/detail/skoda-kodiaq-selection-20-tdi-142-kw-4x4-7-dsg/AmElXYjA1TE/,Škoda Kodiaq 2.0 TDI,5
Chladič ventilátor vody VW ŠKODA AUDI SEAT 2.0 TDI,,,1,,,,,2026-08-10T07:26:11.000Z,https://www.autobazar.eu/detail/chladic-ventilator-vody-vw-skoda-audi-seat-20-tdi/AmBAxsNFga2/,Škoda Kodiaq 2.0 TDI,5
Chladič ventilátor vody VW ŠKODA AUDI SEAT 2.0 TDI,,,1,,,,,2026-08-10T07:26:11.000Z,https://www.autobazar.eu/detail/chladic-ventilator-vody-vw-skoda-audi-seat-20-tdi/AmtQTfGBkQT/,Škoda Kodiaq 2.0 TDI,5
Nádrž AdBlue 2.0 TDI VW ŠKODA SEAT AUDI,,,1,,,,,2026-08-10T07:26:31.000Z,https://www.autobazar.eu/detail/nadrz-adblue-20-tdi-vw-skoda-seat-audi/AmS1yPfg4QG/,Škoda Kodiaq 2.0 TDI,5
PREVODOVKA ŠKODA KODIAQ 2.0TDI 4X4,,,5,,,,,2026-08-01T05:10:52.000Z,https://www.autobazar.eu/detail/prevodovka-skoda-kodiaq-20tdi-4x4/Am9ecf-kAKR/,Škoda Kodiaq 2.0 TDI,5
"Predám automatickú prevodovku RLD 2,0TDI záruka!",,,5,,,,,2026-08-01T05:10:51.000Z,https://www.autobazar.eu/detail/predam-automaticku-prevodovku-rld-2-0tdi-zaruka/AmAzdy4Nk7u/,Škoda Kodiaq 2.0 TDI,5
Volkswagen Golf VII 2.0 TDI 04L130277E 0445110475,,,1,,,,,2026-08-07T07:58:15.000Z,https://www.autobazar.eu/detail/vstrekovacia-tryska-volkswagen-golf-vii-20-tdi/Amud0KhVm8h/,Škoda Kodiaq 2.0 TDI,5
ŠKODA Superb III 2.0 TDI 0445110471 04L130277AE,,,100,,,,,2026-08-07T07:58:19.000Z,https://www.autobazar.eu/detail/skoda-superb-iii-20-tdi-0445110471-04l130277ae/AmzYZlHOwBs/,Škoda Kodiaq 2.0 TDI,5
"Váha vzduchu, Audi, Seat, Škoda, Volkswagen",,,123,,,,,2026-06-12T06:15:17.000Z,https://www.autobazar.eu/detail/vaha-vzduchu-audi-seat-skoda-volkswagen/AmadaVyuQ8Z/,Škoda Kodiaq 2.0 TDI,5
"Váha vzduchu Audi, Seat, Škoda, Volkswagen",,,123,,,,,2026-06-12T06:15:17.000Z,https://www.autobazar.eu/detail/vaha-vzduchu-audi-seat-skoda-volkswagen/Amb5NQYvesH/,Škoda Kodiaq 2.0 TDI,5
Vstrek čerp Volkswagen Golf VII 2.0 TDI 0445010537,,,1,,,,,2026-08-07T07:58:15.000Z,https://www.autobazar.eu/detail/vstrek-cerp-volkswagen-golf-vii-20-tdi-0445010537/Am3WAlkNN-C/,Škoda Kodiaq 2.0 TDI,5
AUDI SEAT VW ŠKODA 2.0TDI CHLADIČE VODY A KLÍMY,,,220,,,,,2026-08-10T08:46:10.000Z,https://www.autobazar.eu/detail/audi-seat-vw-skoda-20tdi-chladice-vody-a-klimy/AmU48EDqqEX/,Škoda Kodiaq 2.0 TDI,5
SKODA KODIAQ 2.0 TDI 1.5 TSI chladice stena,,,95,,,,,2026-08-09T10:00:51.000Z,https://www.autobazar.eu/detail/skoda-kodiaq-20-tdi-15-tsi-chladice-stena/Aedbk48ppDi/,Škoda Kodiaq 2.0 TDI,5
SKODA KODIAQ 2.0 TDI DSG PREDNE CELO,,,1250,,,,,2026-08-10T10:12:22.000Z,https://www.autobazar.eu/detail/skoda-kodiaq-20-tdi-dsg-predne-celo/Aex-h-Djws_/,Škoda Kodiaq 2.0 TDI,5
SKODA KODIAQ 2.0 TDI KOMPLET  chladice stna celo,,,100,,,,,2026-08-09T10:00:46.000Z,https://www.autobazar.eu/detail/skoda-kodiaq-20-tdi-komplet-chladice-stna-celo/AewNP4rsJbq/,Škoda Kodiaq 2.0 TDI,5
Škoda Kodiaq 2.0 TDI SCR EVO 200 Style 4x4 DSG,2022.0,88200.0,22222,Diesel,7-st. automatická,147.0,SUV,2026-08-07T08:51:08.000Z,https://www.autobazar.eu/detail/skoda-kodiaq-20-tdi-scr-evo-200-style-4x4-dsg/AmSjOz-zHFh/,Škoda Kodiaq 2.0 TDI,5
Audi A4 Avant 2.0 TDI 177k quattro S tronic 130kW177HP A7,2014.0,233000.0,10500,Diesel,7-st. automatická,130.0,Combi,2026-08-09T14:40:50.259Z,https://www.autobazar.eu/detail/audi-a4-avant-20-tdi-177k-quattro-s-tronic-130kw177hp-a7/Ae7hwfHNGVY/,Škoda Kodiaq 2.0 TDI,5
Škoda Kodiaq 2.0 TDI SCR Ambition DSG 4x4,2020.0,153759.0,12999,Diesel,7-st. automatická,110.0,SUV,2026-08-09T11:32:36.000Z,https://www.autobazar.eu/detail/skoda-kodiaq-20-tdi-scr-ambition-dsg-4x4/AmSfXLq1IFI/,Škoda Kodiaq 2.0 TDI,5
Škoda Kodiaq 2.0 TDi 110 Style,2017.0,314914.0,330750,Diesel,4-st. automatická,110.0,SUV,2026-05-14T07:40:10.000Z,https://www.autobazar.eu/detail/skoda-kodiaq-20-tdi-110-style/Ae3eJKwhiAVK/,Škoda Kodiaq 2.0 TDI,5
