source,listing_id,title,year,km,price,fuel,transmission,engine,power,body_type,listing_date,url,search_query,search_page,raw_description,filter_reason,year_source,km_source,fuel_source,transmission_source,engine_source,power_source,body_type_source
bazos,194152375,Škoda Kodiaq 7-miest 4x4 DSG 2.0TDi 110kw Matrix Keyless,2023.0,110000.0,26800,Diesel,Automatic,2.0 TDI,110.0,,11.8. 2026,https://auto.bazos.sk/inzerat/194152375/skoda-kodiaq-7-miest-4x4-dsg-20tdi-110kw-matrix-keyless.php,Škoda Kodiaq 2.0 TDI,1,"✅ Možnosť kúpy aj na splátky ✅ Modelový rok: 2023 Nájazd: 110 000km Motorizácia: 2.0 tdi 110kw Prevodovka: Automatická DSG Pohon: 4x4 Počet sedadiel: 7 Diesel Výbava: FULL LED svetlomety s funkciou MATRIX, bezkľúčový prístup a štartovanie - keyless go, parkovacia kamera, parkovacie se ...",,regex_description,regex_description,regex_description,regex_description,regex_description,regex_description,missing
bazos,194403802,Škoda Kodiaq 2.0 TDI 147kw 4x4 DSG,2021.0,176100.0,20990,Diesel,Automatic,2.0 TDI,147.0,SUV,11.8. 2026,https://auto.bazos.sk/inzerat/194403802/skoda-kodiaq-20-tdi-147kw-4x4-dsg.php,Škoda Kodiaq 2.0 TDI,1,ZÁKLADNÉ ÚDAJE: Palivo: Diesel Karoséria: SUV Rok výroby: 05/2021 Prevodovka: Automatická Objem motora: 1 968 cm3 Výkon: 147kW (200 PS) Kilometre: 176 100 km Pohon: 4x4 VÝBAVA & KOMFORT: Klimatizácia trojzónová Centrálne zamykanie Rádio Bezkľúčové otváranie dverí Bezkľúčové šta ...,,regex_description,regex_description,regex_description,regex_description,regex_title,regex_description,regex_description
bazos,194400045,"Škoda kodiaq L&K 2,0 TDI -147kw-4x4 -2024-37000km",2024.0,37000.0,36500,Diesel,,2.0 TDI,147.0,,11.8. 2026,https://auto.bazos.sk/inzerat/194400045/skoda-kodiaq-lk-147kw-4x4-2024-37000km.php,Škoda Kodiaq 2.0 TDI,1,"- Predám zachovalý kodiaq vo výbave Laurin & Klement vo FULL výbave. Auto je po 1. majiteľovi, garážované, servisované výhradne v autorizovanom servise (úplná servisná história). Nebúrané, nelakované. Základné údaje: •Rok výroby: 2024 •Motor: 2.0 tdi , 147 kW (200 k), 4x4 •Nájazd: 37000km •Farba ...",,regex_description,regex_description,regex_description,missing,regex_description,regex_description,missing
bazos,194394493,Škoda kodiaq 2.0tdi-DSG-rv:05/2022-137tis km—-FACELIFT—-,2022.0,137782.0,23300,Diesel,Automatic,2.0 TDI,110.0,,11.8. 2026,https://auto.bazos.sk/inzerat/194394493/skoda-kodiaq-20tdi-dsg-rv052022-137tis-km-facelift.php,Škoda Kodiaq 2.0 TDI,1,"📍 Poprad, Kukučínova 5782 ☎️ 0910 388 731 🔧Technické údaje: ✅Rok výroby: 20.5.2022 ✅Najazdené: 137 782 km ✅Motor: 2.0 tdi , diesel ✅Výkon: 110 kW ✅Objem motora: 1968 cm³ ✅Prevodovka: automatická 7-stupňová DSG ✅VIN: TMBJJ7NS4N8510705 ⭐Hlavné výhody a výbava: ✅FULL LED svetlomety-Dy ...",,regex_description,regex_description,regex_description,regex_description,regex_description,regex_description,missing
bazos,194337291,Skoda Kodiaq Sportline 2.0TDI 147Kw 4x4 Black Packet/Webasto,2023.0,138900.0,29399,Diesel,,2.0 TDI,147.0,Kombi,11.8. 2026,https://auto.bazos.sk/inzerat/194337291/skoda-kodiaq-sportline-20tdi-147kw-4x4-black-packetwebasto.php,Škoda Kodiaq 2.0 TDI,1,"☑️Škoda kodiaq Sportline 2.0 tdi 147Kw 4x4☑️ ✔️ Rv:03/2023 ✔️ Najazdené kilometre:138 900 ✔️ Výkon v kW:147 ✔️ Farba: Čierna metaliza ✔️ Edition Sportline 147Kw 4x4 ✔️ New Model Facelift Black Packet ☎️ Kontakt: 0949 775 995 ✔️Stav: Používané, Karoséria: Combi,Počet dverí: 5, Farba:Čier ...",,regex_description,regex_description,regex_description,missing,regex_description,regex_description,regex_description
bazos,194350252,Škoda Kodiaq RS 2.0 TDI 4X4  MATRIX PANORAMA 360°KAMERA,2021.0,160000.0,32900,Diesel,Automatic,2.0 TDI,180.0,,11.8. 2026,https://auto.bazos.sk/inzerat/194350252/skoda-kodiaq-rs-20tsi-4x4-matrix-panorama-360kamera.php,Škoda Kodiaq 2.0 TDI,1,"Škoda kodiaq RS 2.0 tdi 4X4 MATRIX PANORAMA 360°KAMERA CANTON RADAR DSG, 180kW Model: kodiaq RS Rok: 2021 Palivo: Diesel Prevodovka: 7-st. automatická Výkon: 180 kW/240PS Najazdené km: 160 000 km Pohon: 4x4 Farba: Strieborná / Metalíza Objem: 1984 cm3 Výbava: + Navigácia Adaptívne ...",,regex_description,regex_description,regex_description,regex_description,regex_description,regex_description,missing
bazos,194165722,ŠKODA KODIAQ 2.0 TDI DSG STYLE 7 MIEST PANO MATRIX 2023,2023.0,93097.0,27190,Diesel,Automatic,2.0 TDI,110.0,,11.8. 2026,https://auto.bazos.sk/inzerat/194165722/skoda-kodiaq-20-tdi-dsg-style-7-miest-pano-matrix-2022.php,Škoda Kodiaq 2.0 TDI,1,➡️ 1. prihlásenie: 02/2023 ➡️ Najazdené kilometre: 93 097 km ➡️ Motor: 2.0 tdi ➡️ Výkon: 110 kW (150 PS) ➡️ Prevodovka: automatická DSG (7-st.) ➡️ Pohon: predný náhon ➡️ Palivo: diesel ➡️ Farba: Lava Blue Metallic ➡️ Výbava: STYLE ➡️ Počet majiteľov: 1 ☎️ Kontakt: 0944 957 106 HLAVNÉ ...,,regex_description,regex_description,regex_description,regex_description,regex_description,regex_description,missing
bazos,194474448,Škoda KODIAQ 2.0TDi DSG 147kW/ 4x4/7MIEST/Matrix /Tažné,2023.0,100500.0,27250,Diesel,Automatic,2.0 TDI,147.0,,11.8. 2026,https://auto.bazos.sk/inzerat/194474448/skoda-kodiaq-20tdi-dsg-147kw-4x47miestmatrix-tazne.php,Škoda Kodiaq 2.0 TDI,1,"Škoda kodiaq Style r.v. 3/2023 2.0 . tdi , 147KW (200 PS) , 7° DSG vo farbe - Sedá tmavá metalíza a nájazdom Len 100.500 km.❗️ Niečo z výbavy : -7 MIESTNA VERZIA ❗️ - Virtuálny cockpit (možnosť meniť rôzne vzhľady) - LED Matrix svetlomety s vyrezávanim svetelného lúča - Dynamické smerovky - ...",,regex_description,regex_description,regex_description,regex_description,regex_title,regex_description,missing
bazos,194142178,Skoda kodiaq 2.0Tdi-DSG-RV:2023--150tis km---VIRTUAL---,2023.0,151812.0,23900,Diesel,Automatic,2.0 TDI,110.0,,11.8. 2026,https://auto.bazos.sk/inzerat/194142178/skoda-kodiaq-20tdi-dsg-rv2023-150tis-km-virtual.php,Škoda Kodiaq 2.0 TDI,1,"📍 Poprad, Kukučínova 5782 ☎️ 0910 388 731 🔧Technické údaje: ✅Rok výroby:18.1.2023 ✅Najazdené: 151 812 km ✅Motor: 2.0 tdi , diesel ✅Výkon: 110 kW ✅Objem motora: 1968 cm³ ✅Prevodovka: automatická 7-stupňová DSG ✅VIN: TMBJJ7NS1P8029250 ⭐Hlavné výhody a výbava: ✅Virtual Cockpit (Plne d ...",,regex_description,regex_description,regex_description,regex_description,regex_description,regex_description,missing
bazos,194137573,Škoda kodiaq 2.0tdi-DSG-rv:10/2021-130tis km—-FACELIFT—-,2021.0,130671.0,23900,Diesel,Automatic,2.0 TDI,110.0,,11.8. 2026,https://auto.bazos.sk/inzerat/194137573/skoda-kodiaq-20tdi-dsg-rv102021-130tis-km-facelift.php,Škoda Kodiaq 2.0 TDI,1,"📍 Poprad, Kukučínova 5782 ☎️ 0910 388 731 🔧Technické údaje: ✅Rok výroby: 5.10.2021 ✅Najazdené: 130 671 km ✅Motor: 2.0 tdi , diesel ✅Výkon: 110 kW ✅Objem motora: 1968 cm³ ✅Prevodovka: automatická 7-stupňová DSG ✅VIN: TMBJJ7NS7N8502629 ⭐Hlavné výhody a výbava: ✅FULL LED svetlomety-Dy ...",,regex_description,regex_description,regex_description,regex_description,regex_description,regex_description,missing
bazos,194137080,Skoda kodiaq 2.0Tdi-DSG-RV:2023--150tis km,2023.0,150039.0,23900,Diesel,Automatic,2.0 TDI,110.0,,11.8. 2026,https://auto.bazos.sk/inzerat/194137080/skoda-kodiaq-20tdi-dsg-rv2023-150tis-km.php,Škoda Kodiaq 2.0 TDI,1,"📍 Poprad, Kukučínova 5782 ☎️ 0910 388 731 🔧Technické údaje: ✅Rok výroby:21.2.2023 ✅Najazdené: 150 039 km ✅Motor: 2.0 tdi , diesel ✅Výkon: 110 kW ✅Objem motora: 1968 cm³ ✅Prevodovka: automatická 7-stupňová DSG ✅VIN: TMBJJ9NS4P8020764 ⭐Hlavné výhody a výbava: ✅Full led svetlomety-Dyn ...",,regex_description,regex_description,regex_description,regex_description,regex_description,regex_description,missing
bazos,194312707,ŠKODA KODIAQ 2.0 TDI STYLE DSG | 110 kW | 1/2022 | ODPOČET,2022.0,,22500,Diesel,Automatic,2.0 TDI,110.0,,11.8. 2026,https://auto.bazos.sk/inzerat/194312707/skoda-kodiaq-20-tdi-style-dsg-110-kw-12022-odpocet.php,Škoda Kodiaq 2.0 TDI,1,ŠKODA kodiaq 2.0 tdi SCR EVO STYLE DSG | 110 kW | 1/2022 | ACC | 360° KAMERA Cena: 22 500 € Cena bez DPH: 18.292 € Ponúkame na predaj Škodu kodiaq vo výbave Style s úsporným motorom 2.0 tdi SCR EVO 110 kW (150 PS) a automatickou prevodovkou DSG. Vozidlo bolo dovezené z Nemecka po prvom maj ...,,regex_description,missing,regex_description,regex_description,regex_description,regex_description,missing
bazos,194120634,Škoda Kodiaq Style 4x4 2.0Tdi DSG,2023.0,145200.0,24990,Diesel,Automatic,2.0 TDI,147.0,,11.8. 2026,https://auto.bazos.sk/inzerat/194120634/skoda-kodiaq-style-4x4-20tdi-dsg.php,Škoda Kodiaq 2.0 TDI,1,Predám Škoda kodiaq Style 4x4 2.0 tdi 147kw DSG r.v 2023/4 s nájazdom 145200km. Vozidlo je veľmi pekné a zachovalé treba sa presvedčiť na vlastné oči. Inzerát je platný do zmazania. ✅️Úplna servisná história v autorizovanom servise Škoda ✅️Olej v prevodovke vymenený pri 120000km ✅️Carvertikal ...,,regex_description,regex_description,regex_description,regex_description,regex_description,regex_description,missing
bazos,194288066,Škoda Kodiaq Fcl 4x4 2.0 TDI 147kW 200k DSG Virtuál Ťažné,,112933.0,26490,Diesel,Automatic,2.0 TDI,147.0,,11.8. 2026,https://auto.bazos.sk/inzerat/194288066/skoda-kodiaq-fcl-4x4-20-tdi-147kw-200k-dsg-virtual-tazne.php,Škoda Kodiaq 2.0 TDI,1,"Predám veľmi pekné vozidlo Škoda kodiaq Fcl 4x4 2.0 tdi 147kW/200k 7st.DSG prevodovka F1 radenie na volante najazdených 112933 km. Pôvodný lak karosérie celého vozidla !!! Veľmi pekné priestranné vozidlo, Krásna farba Modrá Race metalíza v kombinácii s čiernymi doplnkami, Spoľahlivý motor s vy ...",,missing,regex_description,regex_description,regex_description,regex_description,regex_description,missing
bazos,194101190,Skoda kodiaq 2.0Tdi-DSG-RV:2022--143tis km-Panorama-Tažne---,2022.0,143851.0,23900,Diesel,Automatic,2.0 TDI,110.0,,11.8. 2026,https://auto.bazos.sk/inzerat/194101190/skoda-kodiaq-20tdi-dsg-rv2022-143tis-km-panorama-tazne.php,Škoda Kodiaq 2.0 TDI,1,"📍 Poprad, Kukučínova 5782 ☎️ 0910 388 731 🔧Technické údaje: ✅Rok výroby:12.1.2022 ✅Najazdené: 143 851 km ✅Motor: 2.0 tdi , diesel ✅Výkon: 110 kW ✅Objem motora: 1968 cm³ ✅Prevodovka: automatická 7-stupňová DSG ✅VIN: TMBJJ7NS9N8021796 ⭐Hlavné výhody a výbava: ✅Panoramatická strecha s ...",,regex_description,regex_description,regex_description,regex_description,regex_description,regex_description,missing
bazos,194060314,Škoda Kodiaq 2.0TDi 200PS DSG 4x4 Clever Edition Matrix 360,2022.0,138200.0,28500,Diesel,Automatic,2.0 TDI,147.0,,11.8. 2026,https://auto.bazos.sk/inzerat/194060314/skoda-kodiaq-20tdi-200ps-dsg-4x4-clever-edition-matrix-360.php,Škoda Kodiaq 2.0 TDI,1,"Škoda kodiaq 2.0 tdi SCR EVO 200 4x4 DSG ,MATRIX SVETLA,Virtual Cocpit. Značka:Škoda,,Model: kodiaq 4x4,147kw,Rok:2022, Palivo:Diesel,,Prevodovka:7-st. automatická, Najazdené km:138200,Objem:1968 cm3,Farba:čierna metaliza,perlet. Bezpečnosť: ABS, Adaptívny tempomat, Natáčacie svetlomety, ADS, Ai ...",,regex_description,regex_description,regex_description,regex_description,regex_description,regex_description,missing
bazos,194233174,Škoda Kodiaq 2.0 TDI DSG Sportline Webasto Panorama,2023.0,112000.0,27500,Diesel,Automatic,2.0 TDI,110.0,,11.8. 2026,https://auto.bazos.sk/inzerat/194233174/skoda-kodiaq-20-tdi-dsg-sportline-webasto-panorama.php,Škoda Kodiaq 2.0 TDI,1,"Rok výroby: 2/2023 2.0 tdi 110kW 150 PS Dsg Automat (7 st.), Diesel , EURO 6, 5 dv., (5-Miestne ), 112 000 km, Čierna Metalíza BEZPEČNOSŤ Alarm, ABS, ASR(TC,EDS), Airbag 10X, Brzdový asistent(BAS), Isofix, Deaktivácia airbagov, Systém kontroly tlaku v pneumatikách (TPMS), Asistent rozpoznáv ...",,regex_description,regex_description,regex_description,regex_description,regex_description,regex_description,missing
bazos,193960424,ŠKODA KODIAQ 2.0TDI SPORTLINE 4X4 DSG 2023 TAZNE ODPOCET DPH,2023.0,124000.0,30600,Diesel,Automatic,2.0 TDI,110.0,,11.8. 2026,https://auto.bazos.sk/inzerat/193960424/skoda-kodiaq-20tdi-sportline-4x4-dsg-2023-virtual-tazne-dph.php,Škoda Kodiaq 2.0 TDI,1,24 846€ Bez DPH - Škoda kodiaq Sportline 2.0 tdi 4x4 110Kw Najazdené: 124 000 Rok výroby 2023/2 Prebodovka 7st. Atomatická DSG ✅️Možný odpočet DPH. ✅ Možnosť kúpy na splátky/autoúver ✅️Možnosť prevziať vaše vozidlo a použiť ho ako akontáciu ✅️Spoľahlivý motor 110kw Full led svetlomety Ambientné ...,,regex_description,regex_description,regex_description,regex_description,regex_description,regex_description,missing
bazos,193958785,Škoda Kodiaq 2.0TDi DSG rok 2022 - Odpočet DPH -,2022.0,,20999,Diesel,Automatic,2.0 TDI,,,11.8. 2026,https://auto.bazos.sk/inzerat/193958785/audi-a6-50-tfsi-e-quattro-plug-in-hybrid-2023-black-paket.php,Škoda Kodiaq 2.0 TDI,1,"- 17.073€ Bez DPH - Škoda kodiaq 2.0 tdi DSG, naj rok 2022, Full LED Dynamické svetlomety, Parkovacia kamera, Automatická klimatizácia, Automatické samoparkovanie, Line assist, Front assist, Kontrola mŕtveho uhla, ACC adaptívny tempomat, farebne ambientné osvetlenie… - Posledný servis pri 205.000k ...",,regex_description,missing,regex_description,regex_description,regex_description,missing,missing
bazos,194384477,"✅️Škoda Kodiaq Sportline 2023 2.0TDI 147KW 4x4,Webas,Ťažné✅️",,109000.0,33990,Diesel,,2.0 TDI,147.0,,11.8. 2026,https://auto.bazos.sk/inzerat/194384477/skoda-kodiaq-sportline-2023-20tdi-147kw-4x4webastazne.php,Škoda Kodiaq 2.0 TDI,1,"○IBA 109.000KM○TOP VÝBAVA ○2023 ✅️MOŽNOSŤ PREVZATIA VÁŠHO VOZIDLA A POUŽIŤ HO AKO AKONTÁCIU ✅️MOŽNOSŤ VÝMENY VÁŠHO STARÉHO VOZIDLA ZA NOVÉ ✅️ VOZIDLO PO 1. MAJITEĽOVI, ✔️bez akéhokoľvek poškodenia, stav nového ‼️‼️‼️NEBÚRANÉ - KOMPLET PÔVODNÝ LAK NA CELOM AUTE‼️‼️‼️ ✔️1.majiteľ ✔️Up ...",,missing,regex_description,regex_title,missing,regex_title,regex_title,missing
bazos,194474451,Škoda KODIAQ Sportline 2.0TDi 4x4 147kW WEBASTO/PANO/ŤAŽNÉ,2023.0,158000.0,27399,Diesel,,2.0 TDI,147.0,,11.8. 2026,https://auto.bazos.sk/inzerat/194474451/skoda-kodiaq-sportline-20tdi-4x4-147kw-webastopanotazne.php,Škoda Kodiaq 2.0 TDI,2,"TECHNICKÉ ÚDAJE: R.V.: 7/2023❗️, 1968CM3, 147KW (200PS), A7, 4x4, DIESEL, 5 DV., (5-MIESTNE), 158 000 KM, BIELA (Perľeťová) METALÍZA, VIN: na vyžiadanie, SPOTREBA VOZIDLA (L/100KM):V MESTE: 6.6, MIMO MESTA: 5.3, KOMBINOVANÁ: 5.9, Emisná norma EURO 6. ABS, (pACC) Prediktívny Adaptívny tempomat s u ...",,regex_description,regex_description,regex_description,missing,regex_title,regex_description,missing
bazos,193952065,"ŠKODA KODIAQ 2.0TDI SPORTLINE 4X4 DSG, VIRTUAL/KAMERA/CANTON",2022.0,159066.0,26950,Diesel,Automatic,2.0 TDI,147.0,,11.8. 2026,https://auto.bazos.sk/inzerat/193952065/vw-id4-pro-performance-soh-926-360kameramatrixtazne.php,Škoda Kodiaq 2.0 TDI,2,"TECHNICKÉ ÚDAJE: R.V.: 5/2022, 1968CM3, 147KW (200PS), 4X4, A7, DIESEL, EURO 6, 5 DV., (5-MIESTNE), 159066 KM BEZPEČNOSŤ: ABS, ADAPTÍVNY TEMPOMAT, AIRBAGY, ASR, BRZDOVÝ ASISTENT, CENTRÁLNE ZAMYKANIE, DEAKTIVÁCIA AIRBAGOV, SYSTÉM ROZPOZNANIA ÚNAVY VODIČA (DAW), EBD, EBV, SYSTÉM TIESŇOVÉHO VOLANI ...",,regex_description,regex_description,regex_description,regex_title,regex_title,regex_description,missing
bazos,194441119,Kodiaq,2018.0,,20000,Diesel,Automatic,2.0 TDI,110.0,,11.8. 2026,https://auto.bazos.sk/inzerat/194441119/kodiaq.php,Škoda Kodiaq 2.0 TDI,2,"Predám Škoda kodiaq 2.0 tdi SCR Štýle DSG 110kw150HP A7 r.v. 2018, 1 majiteľ nehavarované, garážované,STK 2028/7 el.ťažné, vyrobené na objednávku, bez škrabancov, servisované iba Škodovke, komletná história .",,regex_description,missing,regex_description,regex_description,regex_description,regex_description_from_ps,missing
bazos,194334629,ŠKODA KODIAQ 2.0 TDI 110KW 4x4 7 MIEST XENON PANORÁMA,,50.0,18350,Diesel,Automatic,2.0 TDI,110.0,,11.8. 2026,https://auto.bazos.sk/inzerat/194334629/skoda-kodiaq-20-tdi-110kw-4x4-7-miest-xenon-panorama.php,Škoda Kodiaq 2.0 TDI,2,"VOLAŤ NA +421907390083 VOZIDLO SA NACHÁDZA V MESTE TURZOVKA 50 KM OD FRYDKU MISTKU PREDÁM ŠKODU kodiaq Z MOTOROM 2.0 tdi 110kw A AUTOMATICKOU PREVODOVKOU DSG VÝBAVA : adaptívny tempomat , multifunkčný volant , 4xel okna , koža, XENON , vyhrievané sedačky , cúvacia kamera , 7 miest na sedeni ...",,missing,regex_description,regex_description,regex_description,regex_description,regex_description,missing
bazos,194199227,"Škoda Kodiaq 2.0Tdi 140kw DSG 4x4 7-miest / canton,ťažné/",2017.0,159999.0,19999,Diesel,Automatic,2.0 TDI,140.0,,11.8. 2026,https://auto.bazos.sk/inzerat/194199227/skoda-kodiaq-20tdi-140kw-dsg-4x4-7-miest-cantontazne.php,Škoda Kodiaq 2.0 TDI,2,"predám krásny kodiaq v 7-miestnom prevedení Technické údaje: r.v.: 3/2017 km: 159 999 výkon: 140kw pohon: 4x4 prevodovka: 7.st. automatická farba: biela metalíza Niečo z výbavy: bezkľúčový prístup KEYLESS, LED denné svietenie, Full LED hlavné svetlomety s AFS, ambientné osvetlenie int ...",,regex_description,regex_description,regex_title,regex_description,regex_title,regex_description,missing
bazos,193880304,ŠKODA KODIAQ 2.0 TDI STYLE DSG MATRIX/PANO/KAM/ACC,2023.0,150563.0,24890,Diesel,Automatic,2.0 TDI,110.0,,11.8. 2026,https://auto.bazos.sk/inzerat/193880304/skoda-kodiaq-20-tdi-scr-style-dsg.php,Škoda Kodiaq 2.0 TDI,2,"ŠKODA kodiaq 2.0 tdi SCR STYLE DSG TECHNICKÉ ÚDAJE: R.V.: 03/2023, 1968 CM3, 110KW, A7, NAFTA , EURO 6, 5 DV., (5-MIESTNE), 150 563KM BEZPEČNOSŤ: ABS, ADAPTÍVNY TEMPOMAT, ADS, AIRBAGY, ALARM, ASR, CENTRÁLNE ZAMYKANIE, DEAKTIVÁCIA AIRBAGOV, VAROVANIE O VZDIALENOSTI (BAS PLUS), SYSTÉM ROZPOZN ...",,regex_description,regex_description,regex_description,regex_description,regex_description,regex_description,missing
bazos,193866473,Skoda Kodiaq Sportline 2.0tdi 110kw ...PREDANÉ ...,2023.0,142545.0,26890,Diesel,Automatic,2.0 TDI,110.0,,11.8. 2026,https://auto.bazos.sk/inzerat/193866473/skoda-kodiaq-sportline-20tdi-110kw-dsg-matrixcamambient.php,Škoda Kodiaq 2.0 TDI,2,!!!! PREDANÉ. !!!! ✅r.v.: 03/2023 ✅najazdene: 142 545km ✅motor: 2.0 tdi 110kW ✅prevodovka: 7 st. automat DSG ✅pohon: predná náprava ✅farba: biela perlet metalíza ✅ cúvacia kamera/ predne a zadne park.senzory samo-parkovanie PARKPILOT ✅bezklucove otvaranie Keyless Access ✅adaptivny podvozok DC ...,,regex_description,regex_description,regex_description,regex_description,regex_description,regex_description,missing
bazos,194346504,Škoda Kodiaq SPORTLINE 2022 2.0tdi 110kw DSG WEBASTO ŤAŽNÉ,2022.0,,27990,Diesel,Automatic,2.0 TDI,110.0,SUV,11.8. 2026,https://auto.bazos.sk/inzerat/194346504/skoda-kodiaq-sportline-2022-20tdi-110kw-dsg-webasto-tazne.php,Škoda Kodiaq 2.0 TDI,2,"Ponúkame na predaj krásne, elegantné, maximálne komfortné, novodobé SUV značky Škoda kodiaq v edicií SPORTLINE , nadčasové línie s dynamickou príchuťou Technické údaje: Motorizácia: 2.0 tdi 110kw 150koní diesel Prevodovka: 7st. automatická dsg Pohon: predný Rok výroby: 05/2022 Najazdených: ...",,regex_description,missing,regex_description,regex_description,regex_description,regex_description,regex_description
bazos,194186650,"✅️Škoda Kodiaq L&K 2.0.TDI 147KW 4X4 ,2023,7-Miest,Ťažné✅️",,,33990,Diesel,,,147.0,,11.8. 2026,https://auto.bazos.sk/inzerat/194186650/skoda-kodiaq-lk-20tdi-147kw-4x4-20237-miestfull.php,Škoda Kodiaq 2.0 TDI,2,"LK ○7-Miestne ○ 2023 ○ TOP VÝBAVA ✅️MOŽNOSŤ PREVZATIA VÁŠHO VOZIDLA A POUŽIŤ HO AKO AKONTÁCIU ✅️MOŽNOSŤ VÝMENY VÁŠHO STARÉHO VOZIDLA ZA NOVÉ ✅️VOZIDLO PO 1. MAJITEĽOVI, ✔️bez akéhokoľvek poškodenia, stav noveho auta !!!!!!!!!!!!!!!! ‼️‼️‼️NEBÚRANÉ PÔVODNÝ STAV, KOMPLET PÔVODNÝ LAK NA CE ...",,missing,missing,regex_title,missing,missing,regex_title,missing
bazos,194186825,ŠKODA KODIAQ  FACELIFT 2.0 TDI 110KW 4x4DSG 4x4,2022.0,142600.0,24900,Diesel,,2.0 TDI,110.0,,11.8. 2026,https://auto.bazos.sk/inzerat/194186825/skoda-kodiaq-facelift-20-tdi-110kw-4x4dsg-4x4.php,Škoda Kodiaq 2.0 TDI,2,"R.V.: 2022, 110KW 142600km čierna met met, SPOTREBA VOZIDLA (L/100KM): KOMBINOVANÁ: 6.2 ABS, Prediktívny Adaptívny tempomat s udržiavaním v jazdných pruhoch, ESP,ABS, Isofix, Škoda CRYSTAL LED svetlomety LED denné svietenie, DYNAMICKÉ smerovky vzadu, MSR, Radenie pod volantom pádlami F1, Bezdrô ...",,regex_description,regex_description,regex_title,missing,regex_title,regex_description,missing
bazos,194080926,Škoda Kodiaq 2.0TDI Style+,2018.0,170.0,21190,Diesel,Automatic,2.0 TDI,110.0,,11.8. 2026,https://auto.bazos.sk/inzerat/194080926/skoda-kodiaq-20tdi-style.php,Škoda Kodiaq 2.0 TDI,2,"Predám Škoda kodiaq v krásnej výbave , 110kw DSG R.v. 11/2018 Naposledy vymenený olej + všetky filtre Komplet predné zadné kotúčové brzdy aj platničky + výmena brzdovej kvapaliny Olej v prevodovke menený pri 155tisic km Aktuálne bez investícii Najazdené 170tis. km Výbava : FULL LED predné svet ...",,regex_description,regex_description,regex_title,regex_description,regex_title,regex_description,missing
bazos,194250062,Škoda Kodiaq  facelift 2.0 TDI 4x4 model 2023,2023.0,180000.0,22000,Diesel,Automatic,2.0 TDI,110.0,,11.8. 2026,https://auto.bazos.sk/inzerat/194250062/skoda-kodiaq-20-tdi-4x4-model-2023.php,Škoda Kodiaq 2.0 TDI,2,"Predám Škodu kodiaq 2.0 tdi 110 kW 4x4 s automatickou 7-stupňovou prevodovkou DSG. Vozidlo bolo vyrobené 12/2022, modelový rok 2023. Rok výroby: 12/2022 (model 2023) Motor: 2.0 tdi , 110 kW Pohon: 4x4 Prevodovka: 7-stupňová DSG automat Najazdené: 180 000 km Farba: čierna metalíza Servisná ...",,regex_description,regex_description,regex_description,regex_description,regex_description,regex_description,missing
bazos,194461398,Škoda Kodiaq RS-2.0 TDI-176kw-4x4-DSG-88000km-1.majiteľ,,88000.0,29990,Diesel,Automatic,2.0 TDI,176.0,SUV,11.8. 2026,https://auto.bazos.sk/inzerat/194461398/skoda-kodiaq-rs-20-tdi-176kw-4x4-dsg-88000km-1majitel.php,Škoda Kodiaq 2.0 TDI,2,"Ponúkam na predaj náš rodinný kodiaq RS – ikonické športové SUV, ktoré spája dynamiku, praktickosť a prémiový vzhľad. Vďaka výkonu, komfortu a športovým prvkom RS je tento model jedným z najobľúbenejších rodinných SUV vyššej triedy. kodiaq má najazdených len 88000 km,ako nový bol kupovaný na Slovens ...",,missing,regex_description,regex_title,regex_title,regex_title,regex_title,regex_description
bazos,193678668,Škoda Kodiaq 2.0 TDi DSG - 110 kW - 2023 - Style,2023.0,99000.0,24999,Diesel,Automatic,2.0 TDI,110.0,,11.8. 2026,https://auto.bazos.sk/inzerat/193678668/skoda-kodiaq-20-tdi-dsg-110-kw-2023-style.php,Škoda Kodiaq 2.0 TDI,2,"Ponúkam na Predaj Skoda kodiaq 2.0 tdi DSG Facelift v Bohatej Výbave Motor: 2.0 tdi - 110 kW - 150PS (Diesel) Prevodovka: Automat Vyrobené: 3/2023 Karoséria: 5 dverí, 5 miestne Nájazd: 99.000 Farba: Šedá - MOŽNÝ ODPOČET DPH - - Možnosť Predlženia Záruky - Garancia Originál najazdených ...",,regex_description,regex_description,regex_description,regex_description,regex_description,regex_description,missing
bazos,194397427,"Škoda Kodiaq Sportline 4x4, r.2023, 119tis km",2023.0,119000.0,30990,Diesel,Automatic,2.0 TDI,147.0,,11.8. 2026,https://auto.bazos.sk/inzerat/194397427/skoda-kodiaq-sportline-4x4-r2023-119tis-km.php,Škoda Kodiaq 2.0 TDI,2,"Ponúkam na predaj Škodu kodiaq vo výbave Sportline. Auto nebúrané, nelakované, bez poistnej udalosti. Základné údaje: * Motor: 2.0 tdi , 147 kW (200 koní) * Pohon a prevodovka: Pohon 4x4, 7-stupňová automatická prevodovka * Prvá registrácia: 06/2023 * Nájazd: 119 000km * Farba: Šedá ...",,regex_description,regex_description,regex_description,regex_description,regex_description,regex_description,missing
bazos,194032429,ŠKODA KODIAQ 2.0 TDI SCR EVO STYLE DSG,2022.0,155967.0,21900,Diesel,Automatic,2.0 TDI,110.0,,11.8. 2026,https://auto.bazos.sk/inzerat/194032429/skoda-kodiaq-20-tdi-scr-evo-style-dsg.php,Škoda Kodiaq 2.0 TDI,2,"TECHNICKÉ ÚDAJE: R.V.: 03/2022, 1968 CM3, 110KW, A7, NAFTA , EURO 6, 5 DV., (5-MIESTNE), 155 967KM BEZPEČNOSŤ:ABS, ADAPTÍVNY TEMPOMAT, AIRBAGY, ALARM, ASR, BRZDOVÝ ASISTENT, CENTRÁLNE ZAMYKANIE, DEAKTIVÁCIA AIRBAGOV, VAROVANIE O VZDIALENOSTI (BAS PLUS), SYSTÉM ROZPOZNANIA ÚNAVY VODIČA (DAW), D ...",,regex_description,regex_description,regex_description,regex_title,regex_title,regex_description,missing
bazos,194185461,"Škoda Kodiaq 2.0 TDi DSG Style 4x4 - Automat, Diesel 140 kW",2019.0,113000.0,23990,Diesel,Automatic,2.0 TDI,140.0,,11.8. 2026,https://auto.bazos.sk/inzerat/194185461/skoda-kodiaq-20-tdi-dsg-style-4x4-automat-diesel-140-kw.php,Škoda Kodiaq 2.0 TDI,2,"◾️Predam Škoda kodiaq vo výbave STYLE v 7-miestnej verzii. ◼️Možnosť odpočtu DPH-19 504€ bez DPH◾️ Nájazd: 113 000km-garancia zmluvne na počet kilometrov Mesiac / Rok: 10/2019-modelový rok 2020 Spresnenie: Škoda kodiaq 2.0 tdi DSG Style 4x4 - Automat, Diesel 140 kW Palivo: Diesel ...",,regex_description,regex_description,regex_description,regex_description,regex_description,regex_description,missing
bazos,193648886,Škoda Kodiaq 2.0TDI 4x4 147kw Full led Navi F1 DPH%,2023.0,162000.0,24500,Diesel,Automatic,2.0 TDI,147.0,,11.8. 2026,https://auto.bazos.sk/inzerat/193648886/skoda-kodiaq-20tdi-4x4-147kw-full-led-navi-f1-dph.php,Škoda Kodiaq 2.0 TDI,2,19 920€ Bez DPH Škoda kodiaq 2.0 tdi 4x4 147kw Rok výroby 2023/5 Prebodovka 7st. Atomatická DSG Najazdené 162 000 ✅ Možnosť kúpy na splátky/autoúver ✅️Možný odpočet DPH.Cena bez DPH -20 082€ Virtual cockpit Full led svetlomety Front assist (Núdzove brzdenie) Lane assist (Udržiavanie v jazdnýcch ...,,regex_description,regex_description,regex_description,regex_description,regex_description,regex_description,missing
bazos,194381417,Kodiaq Facelift 4x4 2.0Tdi,2022.0,207.0,19900,Diesel,Automatic,2.0 TDI,110.0,,11.8. 2026,https://auto.bazos.sk/inzerat/194381417/kodiaq-facelift-4x4-20tdi.php,Škoda Kodiaq 2.0 TDI,2,"Predám Škoda kodiaq Facelift 4x4 EVO Scr150Ps, 7st DSG automat s F1 radením na volante,rok výroby 2022,naj.km 207t. ACC Adaptívny Tempomat s núdzovým brzdením pred prekážkou, Lane Asistent Keyles bezkľúčové otváranie dverí a štartovanie MATRIX predné svetlá s vykrojovaním,zadné LED svetlá dynamic ...",,regex_description,regex_description,regex_title,regex_description,regex_title,regex_description_from_ps,missing
bazos,193637174,Škoda Kodiaq 2018 2.0tdi 110kw STYLE,2018.0,248000.0,19700,Diesel,Automatic,2.0 TDI,110.0,SUV,11.8. 2026,https://auto.bazos.sk/inzerat/193637174/skoda-kodiaq-2018-20tdi-110kw-style.php,Škoda Kodiaq 2.0 TDI,2,"Ponúkame na predaj krásne, elegantné, maximálne komfortné, novodobé SUV značky Škoda kodiaq v edicií STYLE , nadčasové línie s dynamickou príchuťou Technické údaje: Motorizácia: 2.0 tdi 110kw 150koní Prevodovka: 7st. automatická dsg Rok výroby: 10/2018 Najazdených: 248 000 km Farba: svetlá š ...",,regex_description,regex_description,regex_description,regex_description,regex_description,regex_description,regex_description
bazos,193628286,Škoda KODIAQ Clever 2.0TDi DSG 110kW,2022.0,119000.0,24790,Diesel,Automatic,2.0 TDI,110.0,,11.8. 2026,https://auto.bazos.sk/inzerat/193628286/skoda-kodiaq-clever-20tdi-dsg-110kw.php,Škoda Kodiaq 2.0 TDI,3,"TECHNICKÉ ÚDAJE: R.V.: 02/2022 , 1968CM3, 110KW (150PS), A7, DIESEL, 5 DV., (5-MIESTNE), 119000 KM, ŠEDA METALÍZA, VIN: na vyžiadanie, SPOTREBA VOZIDLA (L/100KM):V MESTE: 6.4, MIMO MESTA: 6.0, KOMBINOVANÁ: 6.2, Emisná norma EURO 6. ABS, (pACC) Prediktívny Adaptívny tempomat s udržiavaním v jazdný ...",,regex_description,regex_description,regex_description,regex_title,regex_title,regex_description,missing
bazos,193619643,Škoda Octavia Combi RS 2.0TDi DSG Facelift,2010.0,,5999,Diesel,Automatic,2.0 TDI,125.0,Kombi,11.8. 2026,https://auto.bazos.sk/inzerat/193619643/skoda-kodiaq-20tdi-dsg-107000km-odpocet-dph.php,Škoda Kodiaq 2.0 TDI,3,"Predám Škodu Octaviu 2 Facelift Combi RS, motor 2.0 tdi 125kw, Automatická prevodovka DSG, rok výroby 2010. LED denne svietenie, Xenonove svetlomety, Automatická klimatizácia, Multifunkčny volant, Tempomat, Veľké dotykové autorádio, Navigácia, Predné a zadné senzory, Maxidot. Menené rozvody olej f ...",,regex_description,missing,regex_description,regex_description,regex_description,regex_description,regex_description
bazos,193580515,Škoda Kodiaq 4x4 2.0TDi DSG 7 miest - Odpočet DPH -,,,26599,Diesel,Automatic,2.0 TDI,,,11.8. 2026,https://auto.bazos.sk/inzerat/193580515/cupra-formentor-20tsi-228kw-79000km-odpocet-dph.php,Škoda Kodiaq 2.0 TDI,3,"- 21.951€ bez DPH - Škoda kodiaq 4x4 2.0 tdi DSG model 2023, 7 miest na sedenie, Virtual cocpit, Full LED svetlomety, Sedadla koža - alcantara, Drive módy - zmena jazdných režimov, offroad mod, Parkovacia kamera, Bezkľúčové štartovanie, Line assist, ACC adaptívny tempomat, El. Ovládanie kufra… - V ...",,missing,missing,regex_description,regex_description,regex_description,missing,missing
bazos,193517138,"2018, ŠKODA KODIAQ 2.0TDi, DSG, 4X4, STYLE +, takmer FULL",2018.0,159563.0,19990,Diesel,Automatic,2.0 TDI,110.0,,11.8. 2026,https://auto.bazos.sk/inzerat/193517138/2018-skoda-kodiaq-20tdi-dsg-4x4-style-takmer-full.php,Škoda Kodiaq 2.0 TDI,3,"🚗 Škoda kodiaq Style+, 2.0 tdi 110kw, dsg, 4x4, 159tis km, 360°, vyhrevy, el.kufor... 💶 Mesačná splátka od: 318 € alebo podľa požiadaviek klienta 💶 Akontácia: 0 € ➡️ Rok výroby: 2018 ➡️ Najazdené kilometre: 159 563 ➡️ Výkon v kW: 110 ➡️ Prevodovka: automatická ➡️ Palivo: DieselŠkoda kodiaq 2.0 ...",,regex_description,regex_description,regex_description,regex_description,regex_description,regex_description,missing
bazos,194194123,Škoda kodiaq,2022.0,115000.0,33500,Diesel,Automatic,2.0 TDI,147.0,,11.8. 2026,https://auto.bazos.sk/inzerat/194194123/skoda-kodiaq.php,Škoda Kodiaq 2.0 TDI,3,v.: 06/2022 ✅najazdene: 115000km ✅motor: 2.0 tdi 147kW ✅prevodovka: 7 st. automat DSG ✅pohon: 4×4 ✅farba: šeda metalíza ✅ cúvacia kamera/ predne a zadne park.senzory samo-parkovanie PARKPILOT ✅bezklucove otvaranie Keyless Access ✅adaptivny podvozok DCC ✅volba jazdnych rezimov ✅adaptivny te ...,,regex_description,regex_description,regex_description,regex_description,regex_description,regex_description,missing
bazos,194024415,Škoda KODIAQ 2.0TDi DSG 110kW 2023 ŤAŽNÉ/MATRIX/VIRTUAL/ACC,2022.0,176000.0,21499,Diesel,Automatic,2.0 TDI,110.0,,11.8. 2026,https://auto.bazos.sk/inzerat/194024415/skoda-kodiaq-20tdi-dsg-110kw-2023-taznematrixvirtualacc.php,Škoda Kodiaq 2.0 TDI,3,"TECHNICKÉ ÚDAJE: R.V.: 11/2022 (model 2023), 1968CM3, 110KW (150PS), A7, DIESEL, 5 DV., (5-MIESTNE), 176000 KM, MOON-BIELA METALÍZA, VIN: na vyžiadanie, SPOTREBA VOZIDLA (L/100KM):V MESTE: 6.4, MIMO MESTA: 6.0, KOMBINOVANÁ: 6.2, Emisná norma EURO 6. ABS, (pACC) Prediktívny Adaptívny tempomat s ud ...",,regex_description,regex_description,regex_description,regex_title,regex_title,regex_description,missing
bazos,194112529,Škoda Kodiaq 2.0TDI DSG Style,2018.0,163000.0,18850,Diesel,Automatic,2.0 TDI,110.0,,11.8. 2026,https://auto.bazos.sk/inzerat/194112529/skoda-kodiaq-20tdi-dsg-style.php,Škoda Kodiaq 2.0 TDI,3,"R.v.: 08/2018, 1968cm3, 110kW (150PS), P, A7, Diesel, Euro 6, 5 dv., (5-miestne), naj.: 163000 km, Šedá/Sivá metalíza, VIN: TMBJJ7NS2J8064712, Airbag 12X, ABS, ESP, MSR, Isofix, Deaktivácia airbagov, Centrálne uzamykanie, El. predné a zadné okná, El. zrkadlá, Dvojzónová automatická klimatizácia, Dia ...",,regex_description,regex_description,regex_description,regex_description,regex_title,regex_description,missing
bazos,193505259,Škoda Kodiaq Sportline Facelift EVO 4x4 TDI 147kW/200PS DSG,2023.0,147000.0,28700,Diesel,Automatic,2.0 TDI,147.0,Kombi,11.8. 2026,https://auto.bazos.sk/inzerat/193505259/skoda-kodiaq-sportline-facelift-evo-4x4-tdi-147kw200ps-dsg.php,Škoda Kodiaq 2.0 TDI,3,"Predám Škoda kodiaq SPORTLINE Facelift EVO 2.0 tdi DSG 4x4 147kW (200PS) rok výroby 05/2023 Po prvom majiteľovi, pravidelne servírovaná v škoda servis Nemecko, 147 tisíc garantovaných km, 2 kľúče Dovezene z Nemecka … Technické údaje: Karoséria Combi Palivo diesel Najazdené 147 000 Km Objem ...",,regex_description,regex_description,regex_description,regex_description,regex_description,regex_description,regex_description
bazos,193958129,"VW Tiguan R-LINE 2024, 2.0TDI 147KW 4MOTION 7Miest IQLIGHT",2024.0,,28490,Diesel,Automatic,2.0 TDI,147.0,,11.8. 2026,https://auto.bazos.sk/inzerat/193958129/volkswagen-tiguan-r-line-allspace-2024-20tdi-147kw-4x4.php,Škoda Kodiaq 2.0 TDI,3,Spoločnost ADDL s.r.o. vám ponúka na predaj Volkswagen Tiguan ALLSPACE R-LINE BLACKPACKET s dieslovým ústrojenstvom 2.0 tdi 147KW ( 200 konských síl) s 7.st automatickou prevodovkou DSG. *rok výroby 19.6.2024 *najazdených 126 000 tisíc km *vozidlo vlastnil jeden majiteľ *VIN: bohužiaľ na vyži ...,,regex_description,missing,regex_description,regex_description,regex_description,regex_description,missing
bazos,193466768,Škoda Kodiaq 2.0 TDI SCR EVO Sportline DSG,2022.0,192560.0,22900,Diesel,Automatic,2.0 TDI,110.0,,11.8. 2026,https://auto.bazos.sk/inzerat/193466768/skoda-kodiaq-20-tdi-scr-evo-sportline-dsg.php,Škoda Kodiaq 2.0 TDI,3,"Škoda kodiaq Sportline 2.0 tdi SCR EVO 150ps 192560km DSG automat 7st.,r.v11/2022, Diesel, modra RACE BLUE metaliza,5dv./5miestne ✅️zmluvná garancia najazdených kilometrov ✅ kompletná servisná historia ✅️vyhodny leasing/financovanie ▶️Adaptívne LED svetlomety s vyrezavanim,automatické diaľkové s ...",,regex_description,regex_description,regex_description,regex_description,regex_description,regex_description_from_ps,missing
bazos,193957838,Škoda KODIAQ L&K 4x4 2.0TDi DSG 147kW 2023 ŤAŽNÉ/MATRIX/360°,2023.0,146000.0,27699,Diesel,Automatic,2.0 TDI,147.0,,11.8. 2026,https://auto.bazos.sk/inzerat/193957838/skoda-kodiaq-lk-4x4-20tdi-dsg-147kw-2023-taznematrix360.php,Škoda Kodiaq 2.0 TDI,3,"TECHNICKÉ ÚDAJE: R.V.: 6/2023, 1968CM3, 147KW (200PS), A7, DIESEL, 5 DV., (5-MIESTNE), 146000 KM, GRAFITOVÁ ŠEDÁ METALÍZA, VIN: na vyžiadanie, SPOTREBA VOZIDLA (L/100KM):V MESTE: 6.6, MIMO MESTA: 6.2, KOMBINOVANÁ: 6.4, Emisná norma EURO 6. ABS, (pACC) Prediktívny Adaptívny tempomat s udržiavaným ...",,regex_description,regex_description,regex_description,regex_title,regex_title,regex_description,missing
bazos,193461598,Skoda Kodiaq 2.0 TDI 4x4 DSG Tour,2022.0,138000.0,24990,Diesel,Automatic,2.0 TDI,110.0,,11.8. 2026,https://auto.bazos.sk/inzerat/193461598/skoda-kodiaq-20-tdi-4x4-dsg-tour.php,Škoda Kodiaq 2.0 TDI,3,Mesiac / rok výroby: 4/2022 ➡️ Najazdené kilometre: 138 000 km ➡️ Výkon: 110 kW (150 PS) ➡️ Prevodovka: Automatická DSG (7-st.) ➡️ Pohon: 4x4 ➡️ Palivo: Diesel ➡️ Farba: Black-Magic Perleffekt ➡️ Výbava: Tour ☎️ Kontakt: 0904 179 351 HLAVNÉ PRVKY VÝBAVY (TOP): ► Matrix LED svetlomety ...,,regex_description,regex_description,regex_description,regex_description,regex_title,regex_description,missing
bazos,193990133,"Škoda Karoq, 2.0 tdi, 2021, 85 kW, čierna metalíza",,,15499,Diesel,Automatic,2.0 TDI,85.0,,11.8. 2026,https://auto.bazos.sk/inzerat/193990133/skoda-karoq-20-tdi-2021-85-kw-cierna-metaliza.php,Škoda Kodiaq 2.0 TDI,3,"Predám Škoda Karoq, DSG, 2.0 tdi , 85 kW. Prihlásené na Slovensku! ČERSTVO SPRAVENÉ ROZVODY, auto nevyžaduje investície. Spotreba najnižšia 3.9 l/km v meste, 4.0 l/km mimo mesta. Ideme si kúpiť Škoda kodiaq , pribudlo dieťa. Auto bez investícií, pekné, vyššie a rodinné. Viac info po telefóne ...",,missing,missing,regex_description,regex_description,regex_description,regex_description,missing
bazos,193495610,Škoda Kodiaq L&K 110 KW 2022 TDI DSG Canton/Ťažné/Matrix/360,,152000.0,24990,Diesel,Automatic,2.0 TDI,110.0,,11.8. 2026,https://auto.bazos.sk/inzerat/193495610/skoda-kodiaq-lk-110-kw-2022-4x4.php,Škoda Kodiaq 2.0 TDI,3,❗️ Ponúkam Škoda kodiaq L&K 2.0 tdi ❗️ ✔️ L&K ✔️ Laurin & Klement ☑️ - Nájazd KM 152 000 KM ☑️ - Nebúrané/nestriekané vozidlo. ☑️ - Pravidelný servis v autorizovanom servise. ☑️ - 2x kľúč. ☑️ - Dovezené z Nemecka. ☑️ - Nebúrané / Nestriekané vozidlo Technické údaje: ...,,missing,regex_description,regex_description,regex_title,regex_description,regex_title,missing
bazos,194018983,Škoda Kodiaq 2.0 TDI SCR EVO 200 Sportline 4x4 DSG WEBASTO,2023.0,94273.0,33000,Diesel,Automatic,2.0 TDI,147.0,,11.8. 2026,https://auto.bazos.sk/inzerat/194018983/skoda-kodiaq-20-tdi-scr-evo-200-sportline-4x4-dsg-webasto.php,Škoda Kodiaq 2.0 TDI,3,"MOŽNOSŤ KÚPY AJ NA SPLÁTKY S 0% AKONTÁCIOU Technické údaje : r.v.: 1/2023 , 1968cm3, 147kW (200PS), 4x4, A7, Diesel, Euro 6d, 5 dv., (5-miestne), 94273 km, VIN: TMBLN7NS6P8017432 ABS, Adaptívny tempomat, Natáčacie svetlomety, Airbagy, Airbag 7x, Alarm, ASR, Centrálne zamykanie, Deaktiváci ...",,regex_description,regex_description,regex_description,regex_title,regex_title,regex_description,missing
bazos,194463458,Skoda Kodiaq 2.0 TDI 4x4 190 koní 7 miest NAVI LED PANORAMA,2020.0,176000.0,20900,Diesel,Automatic,2.0 TDI,140.0,,11.8. 2026,https://auto.bazos.sk/inzerat/194463458/skoda-kodiaq-20-tdi-4x4-190-koni-7-miest-navi-led-panorama.php,Škoda Kodiaq 2.0 TDI,3,"Predám Škoda kodiaq 2.0 tdi , 4x4, automat, 02/2020, 176.000 km, LED, 1968cm3, 140kW (190PS), diesel, sivá metalíza Auto je v super výbave, ako: automatická DSG prevodovka, LED svetlá, veľký navigačný systém s dotykovým displejom, 18"" originál ŠKODA disky z ľahkej zliatiny, automatická klimatizá ...",,regex_description,regex_description,regex_description,regex_description,regex_description,regex_description,missing
bazos,194114377,Škoda Kodiaq 4x4 Tour 2.0TDi 110kW NAVI park.kamera výhrevy,,,23800,Diesel,Automatic,2.0 TDI,110.0,SUV,11.8. 2026,https://auto.bazos.sk/inzerat/194114377/skoda-kodiaq-4x4-tour-20tdi-110kw-navi-parkkamera-vyhrevy.php,Škoda Kodiaq 2.0 TDI,3,"Škoda kodiaq 4x4 TOUR je mimoriadne obľúbené SUV, ktoré sa vyznačuje úsporným motorom 2.0 tdi /110 kW, 7-stupňovou automatickou prevodovkou DSG a bohatou výbavou. Nielen jeho štýl súčasne s eleganciou je to, čo zaujme najviac, pretože ponúka viac: parkovacie senzory vpredu i vzadu + parkovaciu kam ...",,missing,missing,regex_description,regex_description,regex_description,regex_description,regex_description
bazos,194111281,ŠKODA KODIAQ 2.0 TDI CLEVER MATRIX DSG,2021.0,146000.0,23500,Diesel,Automatic,2.0 TDI,110.0,Pohon,11.8. 2026,https://auto.bazos.sk/inzerat/194111281/skoda-kodiaq-20-tdi-clever-matrix-dsg.php,Škoda Kodiaq 2.0 TDI,3,Rok výroby: 2021 model 2022 ➡️Najazdené: 146000 ➡️Diesel - Objem: 1968cm³ - Výkon: 110kw ➡️Karoséria: Pohon predných kolies - 5-dverové - 5-miestneBohatá výbava ako: ▶️HUDBA Canton ▶️ MATRIX predné svetlomety s funkciou natáčania do zákrut a Dynamic Light Assist (vyrezávanie áut/chodcov v režim ...,,regex_description,regex_description,regex_description,regex_title,regex_title,regex_description,regex_description
bazos,193892906,Škoda Kodiaq 2.0 TDI SCR STYLE DSG 110kW150HP A7,,194000.0,18300,Diesel,Automatic,2.0 TDI,110.0,SUV,11.8. 2026,https://auto.bazos.sk/inzerat/193892906/skoda-kodiaq-20-tdi-scr-style-dsg-110kw150hp-a7.php,Škoda Kodiaq 2.0 TDI,3,"Náš rodinný táltoš , Škoda kodiaq vo veľmi zachovalom stave. 194000 km. STK , EK do 10.2027. 2.majitel. Vozidlo je pravidelne servisované, pravidelne menení olej v DSG, spoľahlivé a pripravené na okamžité používanie bez nutných investícií. Komfortné a priestranné rodinné SUV s nízkou spotrebou, p ...",,missing,regex_description,regex_title,regex_description,regex_title,regex_title_from_ps,regex_description
bazos,194427032,Škoda Kodiaq 2.0 TDI 110kW DSG 2023 / MATRIX / ACC / ŤAŽNÉ,2023.0,163000.0,22100,Diesel,Automatic,2.0 TDI,110.0,,11.8. 2026,https://auto.bazos.sk/inzerat/194427032/skoda-kodiaq-20-tdi-110kw-dsg-2023-matrix-acc-163-000.php,Škoda Kodiaq 2.0 TDI,3,Predám krásnu Škoda kodiaq Style 2.0 tdi 110 kW DSG FACELIFT 02/2023 📅 Rok výroby: 02/2023 ⏱️ Najazdené km: 163 000 km ⛽ Palivo: Diesel ⚙️ Prevodovka: Automat DSG 🛞 Pohon: 110kw 150 PS 🎨 Farba: strieborná metalíza 💎 Disky: R18 na nových letných pneu Bridgestone - 2 kľúče - nie je možno ...,,regex_description,regex_description,regex_description,regex_description,regex_description,regex_description,missing
