source,listing_id,title,brand,model,variant_engine,fuel,year,km,power_kw,transmission,body_type,price,url,year_source,km_source,power_source,transmission_source,fuel_source,body_type_source,engine_source,rule_model,rule_fuel,rule_variant,rule_year,rule_km,rule_power,rule_transmission
bazos,194152375,Škoda Kodiaq 7-miest 4x4 DSG 2.0TDi 110kw Matrix Keyless,Škoda,Kodiaq,2.0 TDI,Diesel,2023.0,110000.0,110.0,Automatic,,26800,https://auto.bazos.sk/inzerat/194152375/skoda-kodiaq-7-miest-4x4-dsg-20tdi-110kw-matrix-keyless.php,regex_description,regex_description,regex_description,regex_description,regex_description,missing,regex_description,match,match,n/a,match,match,n/a,n/a
bazos,194403802,Škoda Kodiaq 2.0 TDI 147kw 4x4 DSG,Škoda,Kodiaq,2.0 TDI,Diesel,2021.0,176100.0,147.0,Automatic,SUV,20990,https://auto.bazos.sk/inzerat/194403802/skoda-kodiaq-20-tdi-147kw-4x4-dsg.php,regex_description,regex_description,regex_description,regex_description,regex_description,regex_description,regex_title,match,match,n/a,match,match,n/a,n/a
bazos,194394493,Škoda kodiaq 2.0tdi-DSG-rv:05/2022-137tis km—-FACELIFT—-,Škoda,Kodiaq,2.0 TDI,Diesel,2022.0,137782.0,110.0,Automatic,,23300,https://auto.bazos.sk/inzerat/194394493/skoda-kodiaq-20tdi-dsg-rv052022-137tis-km-facelift.php,regex_description,regex_description,regex_description,regex_description,regex_description,missing,regex_description,match,match,n/a,match,match,n/a,n/a
bazos,194337291,Skoda Kodiaq Sportline 2.0TDI 147Kw 4x4 Black Packet/Webasto,Škoda,Kodiaq,2.0 TDI,Diesel,2023.0,138900.0,147.0,,Kombi,29399,https://auto.bazos.sk/inzerat/194337291/skoda-kodiaq-sportline-20tdi-147kw-4x4-black-packetwebasto.php,regex_description,regex_description,regex_description,missing,regex_description,regex_description,regex_description,match,match,n/a,match,match,n/a,n/a
bazos,194350252,Škoda Kodiaq RS 2.0 TDI 4X4  MATRIX PANORAMA 360°KAMERA,Škoda,Kodiaq,2.0 TDI,Diesel,2021.0,160000.0,180.0,Automatic,,32900,https://auto.bazos.sk/inzerat/194350252/skoda-kodiaq-rs-20tsi-4x4-matrix-panorama-360kamera.php,regex_description,regex_description,regex_description,regex_description,regex_description,missing,regex_description,match,match,n/a,match,match,n/a,n/a
bazos,194165722,ŠKODA KODIAQ 2.0 TDI DSG STYLE 7 MIEST PANO MATRIX 2023,Škoda,Kodiaq,2.0 TDI,Diesel,2023.0,93097.0,110.0,Automatic,,27190,https://auto.bazos.sk/inzerat/194165722/skoda-kodiaq-20-tdi-dsg-style-7-miest-pano-matrix-2022.php,regex_description,regex_description,regex_description,regex_description,regex_description,missing,regex_description,match,match,n/a,match,match,n/a,n/a
bazos,194474448,Škoda KODIAQ 2.0TDi DSG 147kW/ 4x4/7MIEST/Matrix /Tažné,Škoda,Kodiaq,2.0 TDI,Diesel,2023.0,100500.0,147.0,Automatic,,27250,https://auto.bazos.sk/inzerat/194474448/skoda-kodiaq-20tdi-dsg-147kw-4x47miestmatrix-tazne.php,regex_description,regex_description,regex_description,regex_description,regex_description,missing,regex_title,match,match,n/a,match,match,n/a,n/a
bazos,194142178,Skoda kodiaq 2.0Tdi-DSG-RV:2023--150tis km---VIRTUAL---,Škoda,Kodiaq,2.0 TDI,Diesel,2023.0,151812.0,110.0,Automatic,,23900,https://auto.bazos.sk/inzerat/194142178/skoda-kodiaq-20tdi-dsg-rv2023-150tis-km-virtual.php,regex_description,regex_description,regex_description,regex_description,regex_description,missing,regex_description,match,match,n/a,match,match,n/a,n/a
bazos,194137573,Škoda kodiaq 2.0tdi-DSG-rv:10/2021-130tis km—-FACELIFT—-,Škoda,Kodiaq,2.0 TDI,Diesel,2021.0,130671.0,110.0,Automatic,,23900,https://auto.bazos.sk/inzerat/194137573/skoda-kodiaq-20tdi-dsg-rv102021-130tis-km-facelift.php,regex_description,regex_description,regex_description,regex_description,regex_description,missing,regex_description,match,match,n/a,match,match,n/a,n/a
bazos,194137080,Skoda kodiaq 2.0Tdi-DSG-RV:2023--150tis km,Škoda,Kodiaq,2.0 TDI,Diesel,2023.0,150039.0,110.0,Automatic,,23900,https://auto.bazos.sk/inzerat/194137080/skoda-kodiaq-20tdi-dsg-rv2023-150tis-km.php,regex_description,regex_description,regex_description,regex_description,regex_description,missing,regex_description,match,match,n/a,match,match,n/a,n/a
bazos,194312707,ŠKODA KODIAQ 2.0 TDI STYLE DSG | 110 kW | 1/2022 | ODPOČET,Škoda,Kodiaq,2.0 TDI,Diesel,2022.0,,110.0,Automatic,,22500,https://auto.bazos.sk/inzerat/194312707/skoda-kodiaq-20-tdi-style-dsg-110-kw-12022-odpocet.php,regex_description,missing,regex_description,regex_description,regex_description,missing,regex_description,match,match,n/a,match,unknown,n/a,n/a
bazos,194120634,Škoda Kodiaq Style 4x4 2.0Tdi DSG,Škoda,Kodiaq,2.0 TDI,Diesel,2023.0,145200.0,147.0,Automatic,,24990,https://auto.bazos.sk/inzerat/194120634/skoda-kodiaq-style-4x4-20tdi-dsg.php,regex_description,regex_description,regex_description,regex_description,regex_description,missing,regex_description,match,match,n/a,match,match,n/a,n/a
bazos,194288066,Škoda Kodiaq Fcl 4x4 2.0 TDI 147kW 200k DSG Virtuál Ťažné,Škoda,Kodiaq,2.0 TDI,Diesel,,112933.0,147.0,Automatic,,26490,https://auto.bazos.sk/inzerat/194288066/skoda-kodiaq-fcl-4x4-20-tdi-147kw-200k-dsg-virtual-tazne.php,missing,regex_description,regex_description,regex_description,regex_description,missing,regex_description,match,match,n/a,unknown,match,n/a,n/a
bazos,194101190,Skoda kodiaq 2.0Tdi-DSG-RV:2022--143tis km-Panorama-Tažne---,Škoda,Kodiaq,2.0 TDI,Diesel,2022.0,143851.0,110.0,Automatic,,23900,https://auto.bazos.sk/inzerat/194101190/skoda-kodiaq-20tdi-dsg-rv2022-143tis-km-panorama-tazne.php,regex_description,regex_description,regex_description,regex_description,regex_description,missing,regex_description,match,match,n/a,match,match,n/a,n/a
bazos,194060314,Škoda Kodiaq 2.0TDi 200PS DSG 4x4 Clever Edition Matrix 360,Škoda,Kodiaq,2.0 TDI,Diesel,2022.0,138200.0,147.0,Automatic,,28500,https://auto.bazos.sk/inzerat/194060314/skoda-kodiaq-20tdi-200ps-dsg-4x4-clever-edition-matrix-360.php,regex_description,regex_description,regex_description,regex_description,regex_description,missing,regex_description,match,match,n/a,match,match,n/a,n/a
bazos,194233174,Škoda Kodiaq 2.0 TDI DSG Sportline Webasto Panorama,Škoda,Kodiaq,2.0 TDI,Diesel,2023.0,112000.0,110.0,Automatic,,27500,https://auto.bazos.sk/inzerat/194233174/skoda-kodiaq-20-tdi-dsg-sportline-webasto-panorama.php,regex_description,regex_description,regex_description,regex_description,regex_description,missing,regex_description,match,match,n/a,match,match,n/a,n/a
bazos,193960424,ŠKODA KODIAQ 2.0TDI SPORTLINE 4X4 DSG 2023 TAZNE ODPOCET DPH,Škoda,Kodiaq,2.0 TDI,Diesel,2023.0,124000.0,110.0,Automatic,,30600,https://auto.bazos.sk/inzerat/193960424/skoda-kodiaq-20tdi-sportline-4x4-dsg-2023-virtual-tazne-dph.php,regex_description,regex_description,regex_description,regex_description,regex_description,missing,regex_description,match,match,n/a,match,match,n/a,n/a
bazos,193958785,Škoda Kodiaq 2.0TDi DSG rok 2022 - Odpočet DPH -,Škoda,Kodiaq,2.0 TDI,Diesel,2022.0,,,Automatic,,20999,https://auto.bazos.sk/inzerat/193958785/audi-a6-50-tfsi-e-quattro-plug-in-hybrid-2023-black-paket.php,regex_description,missing,missing,regex_description,regex_description,missing,regex_description,match,match,n/a,match,unknown,n/a,n/a
bazos,194384477,"✅️Škoda Kodiaq Sportline 2023 2.0TDI 147KW 4x4,Webas,Ťažné✅️",Škoda,Kodiaq,2.0 TDI,Diesel,,109000.0,147.0,,,33990,https://auto.bazos.sk/inzerat/194384477/skoda-kodiaq-sportline-2023-20tdi-147kw-4x4webastazne.php,missing,regex_description,regex_title,missing,regex_title,missing,regex_title,match,match,n/a,unknown,match,n/a,n/a
bazos,194474451,Škoda KODIAQ Sportline 2.0TDi 4x4 147kW WEBASTO/PANO/ŤAŽNÉ,Škoda,Kodiaq,2.0 TDI,Diesel,2023.0,158000.0,147.0,,,27399,https://auto.bazos.sk/inzerat/194474451/skoda-kodiaq-sportline-20tdi-4x4-147kw-webastopanotazne.php,regex_description,regex_description,regex_description,missing,regex_description,missing,regex_title,match,match,n/a,match,match,n/a,n/a
bazos,193952065,"ŠKODA KODIAQ 2.0TDI SPORTLINE 4X4 DSG, VIRTUAL/KAMERA/CANTON",Škoda,Kodiaq,2.0 TDI,Diesel,2022.0,159066.0,147.0,Automatic,,26950,https://auto.bazos.sk/inzerat/193952065/vw-id4-pro-performance-soh-926-360kameramatrixtazne.php,regex_description,regex_description,regex_description,regex_title,regex_description,missing,regex_title,match,match,n/a,match,match,n/a,n/a
bazos,194441119,Kodiaq,Škoda,Kodiaq,2.0 TDI,Diesel,2018.0,,110.0,Automatic,,20000,https://auto.bazos.sk/inzerat/194441119/kodiaq.php,regex_description,missing,regex_description_from_ps,regex_description,regex_description,missing,regex_description,match,match,n/a,match,unknown,n/a,n/a
bazos,193880304,ŠKODA KODIAQ 2.0 TDI STYLE DSG MATRIX/PANO/KAM/ACC,Škoda,Kodiaq,2.0 TDI,Diesel,2023.0,150563.0,110.0,Automatic,,24890,https://auto.bazos.sk/inzerat/193880304/skoda-kodiaq-20-tdi-scr-style-dsg.php,regex_description,regex_description,regex_description,regex_description,regex_description,missing,regex_description,match,match,n/a,match,match,n/a,n/a
bazos,193866473,Skoda Kodiaq Sportline 2.0tdi 110kw ...PREDANÉ ...,Škoda,Kodiaq,2.0 TDI,Diesel,2023.0,142545.0,110.0,Automatic,,26890,https://auto.bazos.sk/inzerat/193866473/skoda-kodiaq-sportline-20tdi-110kw-dsg-matrixcamambient.php,regex_description,regex_description,regex_description,regex_description,regex_description,missing,regex_description,match,match,n/a,match,match,n/a,n/a
bazos,194346504,Škoda Kodiaq SPORTLINE 2022 2.0tdi 110kw DSG WEBASTO ŤAŽNÉ,Škoda,Kodiaq,2.0 TDI,Diesel,2022.0,,110.0,Automatic,SUV,27990,https://auto.bazos.sk/inzerat/194346504/skoda-kodiaq-sportline-2022-20tdi-110kw-dsg-webasto-tazne.php,regex_description,missing,regex_description,regex_description,regex_description,regex_description,regex_description,match,match,n/a,match,unknown,n/a,n/a
bazos,194186650,"✅️Škoda Kodiaq L&K 2.0.TDI 147KW 4X4 ,2023,7-Miest,Ťažné✅️",Škoda,Kodiaq,,Diesel,,,147.0,,,33990,https://auto.bazos.sk/inzerat/194186650/skoda-kodiaq-lk-20tdi-147kw-4x4-20237-miestfull.php,missing,missing,regex_title,missing,regex_title,missing,missing,match,match,n/a,unknown,unknown,n/a,n/a
bazos,194186825,ŠKODA KODIAQ  FACELIFT 2.0 TDI 110KW 4x4DSG 4x4,Škoda,Kodiaq,2.0 TDI,Diesel,2022.0,142600.0,110.0,,,24900,https://auto.bazos.sk/inzerat/194186825/skoda-kodiaq-facelift-20-tdi-110kw-4x4dsg-4x4.php,regex_description,regex_description,regex_description,missing,regex_title,missing,regex_title,match,match,n/a,match,match,n/a,n/a
bazos,194250062,Škoda Kodiaq  facelift 2.0 TDI 4x4 model 2023,Škoda,Kodiaq,2.0 TDI,Diesel,2023.0,180000.0,110.0,Automatic,,22000,https://auto.bazos.sk/inzerat/194250062/skoda-kodiaq-20-tdi-4x4-model-2023.php,regex_description,regex_description,regex_description,regex_description,regex_description,missing,regex_description,match,match,n/a,match,match,n/a,n/a
bazos,194461398,Škoda Kodiaq RS-2.0 TDI-176kw-4x4-DSG-88000km-1.majiteľ,Škoda,Kodiaq,2.0 TDI,Diesel,,88000.0,176.0,Automatic,SUV,29990,https://auto.bazos.sk/inzerat/194461398/skoda-kodiaq-rs-20-tdi-176kw-4x4-dsg-88000km-1majitel.php,missing,regex_description,regex_title,regex_title,regex_title,regex_description,regex_title,match,match,n/a,unknown,match,n/a,n/a
bazos,193678668,Škoda Kodiaq 2.0 TDi DSG - 110 kW - 2023 - Style,Škoda,Kodiaq,2.0 TDI,Diesel,2023.0,99000.0,110.0,Automatic,,24999,https://auto.bazos.sk/inzerat/193678668/skoda-kodiaq-20-tdi-dsg-110-kw-2023-style.php,regex_description,regex_description,regex_description,regex_description,regex_description,missing,regex_description,match,match,n/a,match,match,n/a,n/a
bazos,194397427,"Škoda Kodiaq Sportline 4x4, r.2023, 119tis km",Škoda,Kodiaq,2.0 TDI,Diesel,2023.0,119000.0,147.0,Automatic,,30990,https://auto.bazos.sk/inzerat/194397427/skoda-kodiaq-sportline-4x4-r2023-119tis-km.php,regex_description,regex_description,regex_description,regex_description,regex_description,missing,regex_description,match,match,n/a,match,match,n/a,n/a
bazos,194032429,ŠKODA KODIAQ 2.0 TDI SCR EVO STYLE DSG,Škoda,Kodiaq,2.0 TDI,Diesel,2022.0,155967.0,110.0,Automatic,,21900,https://auto.bazos.sk/inzerat/194032429/skoda-kodiaq-20-tdi-scr-evo-style-dsg.php,regex_description,regex_description,regex_description,regex_title,regex_description,missing,regex_title,match,match,n/a,match,match,n/a,n/a
bazos,194185461,"Škoda Kodiaq 2.0 TDi DSG Style 4x4 - Automat, Diesel 140 kW",Škoda,Kodiaq,2.0 TDI,Diesel,2019.0,113000.0,140.0,Automatic,,23990,https://auto.bazos.sk/inzerat/194185461/skoda-kodiaq-20-tdi-dsg-style-4x4-automat-diesel-140-kw.php,regex_description,regex_description,regex_description,regex_description,regex_description,missing,regex_description,match,match,n/a,match,match,n/a,n/a
bazos,193648886,Škoda Kodiaq 2.0TDI 4x4 147kw Full led Navi F1 DPH%,Škoda,Kodiaq,2.0 TDI,Diesel,2023.0,162000.0,147.0,Automatic,,24500,https://auto.bazos.sk/inzerat/193648886/skoda-kodiaq-20tdi-4x4-147kw-full-led-navi-f1-dph.php,regex_description,regex_description,regex_description,regex_description,regex_description,missing,regex_description,match,match,n/a,match,match,n/a,n/a
bazos,193628286,Škoda KODIAQ Clever 2.0TDi DSG 110kW,Škoda,Kodiaq,2.0 TDI,Diesel,2022.0,119000.0,110.0,Automatic,,24790,https://auto.bazos.sk/inzerat/193628286/skoda-kodiaq-clever-20tdi-dsg-110kw.php,regex_description,regex_description,regex_description,regex_title,regex_description,missing,regex_title,match,match,n/a,match,match,n/a,n/a
bazos,193580515,Škoda Kodiaq 4x4 2.0TDi DSG 7 miest - Odpočet DPH -,Škoda,Kodiaq,2.0 TDI,Diesel,,,,Automatic,,26599,https://auto.bazos.sk/inzerat/193580515/cupra-formentor-20tsi-228kw-79000km-odpocet-dph.php,missing,missing,missing,regex_description,regex_description,missing,regex_description,match,match,n/a,unknown,unknown,n/a,n/a
bazos,193517138,"2018, ŠKODA KODIAQ 2.0TDi, DSG, 4X4, STYLE +, takmer FULL",Škoda,Kodiaq,2.0 TDI,Diesel,2018.0,159563.0,110.0,Automatic,,19990,https://auto.bazos.sk/inzerat/193517138/2018-skoda-kodiaq-20tdi-dsg-4x4-style-takmer-full.php,regex_description,regex_description,regex_description,regex_description,regex_description,missing,regex_description,match,match,n/a,match,match,n/a,n/a
bazos,194194123,Škoda kodiaq,Škoda,Kodiaq,2.0 TDI,Diesel,2022.0,115000.0,147.0,Automatic,,33500,https://auto.bazos.sk/inzerat/194194123/skoda-kodiaq.php,regex_description,regex_description,regex_description,regex_description,regex_description,missing,regex_description,match,match,n/a,match,match,n/a,n/a
bazos,194024415,Škoda KODIAQ 2.0TDi DSG 110kW 2023 ŤAŽNÉ/MATRIX/VIRTUAL/ACC,Škoda,Kodiaq,2.0 TDI,Diesel,2022.0,176000.0,110.0,Automatic,,21499,https://auto.bazos.sk/inzerat/194024415/skoda-kodiaq-20tdi-dsg-110kw-2023-taznematrixvirtualacc.php,regex_description,regex_description,regex_description,regex_title,regex_description,missing,regex_title,match,match,n/a,match,match,n/a,n/a
bazos,194112529,Škoda Kodiaq 2.0TDI DSG Style,Škoda,Kodiaq,2.0 TDI,Diesel,2018.0,163000.0,110.0,Automatic,,18850,https://auto.bazos.sk/inzerat/194112529/skoda-kodiaq-20tdi-dsg-style.php,regex_description,regex_description,regex_description,regex_description,regex_description,missing,regex_title,match,match,n/a,match,match,n/a,n/a
bazos,193505259,Škoda Kodiaq Sportline Facelift EVO 4x4 TDI 147kW/200PS DSG,Škoda,Kodiaq,2.0 TDI,Diesel,2023.0,147000.0,147.0,Automatic,Kombi,28700,https://auto.bazos.sk/inzerat/193505259/skoda-kodiaq-sportline-facelift-evo-4x4-tdi-147kw200ps-dsg.php,regex_description,regex_description,regex_description,regex_description,regex_description,regex_description,regex_description,match,match,n/a,match,match,n/a,n/a
bazos,193466768,Škoda Kodiaq 2.0 TDI SCR EVO Sportline DSG,Škoda,Kodiaq,2.0 TDI,Diesel,2022.0,192560.0,110.0,Automatic,,22900,https://auto.bazos.sk/inzerat/193466768/skoda-kodiaq-20-tdi-scr-evo-sportline-dsg.php,regex_description,regex_description,regex_description_from_ps,regex_description,regex_description,missing,regex_description,match,match,n/a,match,match,n/a,n/a
bazos,193957838,Škoda KODIAQ L&K 4x4 2.0TDi DSG 147kW 2023 ŤAŽNÉ/MATRIX/360°,Škoda,Kodiaq,2.0 TDI,Diesel,2023.0,146000.0,147.0,Automatic,,27699,https://auto.bazos.sk/inzerat/193957838/skoda-kodiaq-lk-4x4-20tdi-dsg-147kw-2023-taznematrix360.php,regex_description,regex_description,regex_description,regex_title,regex_description,missing,regex_title,match,match,n/a,match,match,n/a,n/a
bazos,193461598,Skoda Kodiaq 2.0 TDI 4x4 DSG Tour,Škoda,Kodiaq,2.0 TDI,Diesel,2022.0,138000.0,110.0,Automatic,,24990,https://auto.bazos.sk/inzerat/193461598/skoda-kodiaq-20-tdi-4x4-dsg-tour.php,regex_description,regex_description,regex_description,regex_description,regex_description,missing,regex_title,match,match,n/a,match,match,n/a,n/a
bazos,193495610,Škoda Kodiaq L&K 110 KW 2022 TDI DSG Canton/Ťažné/Matrix/360,Škoda,Kodiaq,2.0 TDI,Diesel,,152000.0,110.0,Automatic,,24990,https://auto.bazos.sk/inzerat/193495610/skoda-kodiaq-lk-110-kw-2022-4x4.php,missing,regex_description,regex_title,regex_title,regex_description,missing,regex_description,match,match,n/a,unknown,match,n/a,n/a
bazos,194018983,Škoda Kodiaq 2.0 TDI SCR EVO 200 Sportline 4x4 DSG WEBASTO,Škoda,Kodiaq,2.0 TDI,Diesel,2023.0,94273.0,147.0,Automatic,,33000,https://auto.bazos.sk/inzerat/194018983/skoda-kodiaq-20-tdi-scr-evo-200-sportline-4x4-dsg-webasto.php,regex_description,regex_description,regex_description,regex_title,regex_description,missing,regex_title,match,match,n/a,match,match,n/a,n/a
bazos,194463458,Skoda Kodiaq 2.0 TDI 4x4 190 koní 7 miest NAVI LED PANORAMA,Škoda,Kodiaq,2.0 TDI,Diesel,2020.0,176000.0,140.0,Automatic,,20900,https://auto.bazos.sk/inzerat/194463458/skoda-kodiaq-20-tdi-4x4-190-koni-7-miest-navi-led-panorama.php,regex_description,regex_description,regex_description,regex_description,regex_description,missing,regex_description,match,match,n/a,match,match,n/a,n/a
bazos,194114377,Škoda Kodiaq 4x4 Tour 2.0TDi 110kW NAVI park.kamera výhrevy,Škoda,Kodiaq,2.0 TDI,Diesel,,,110.0,Automatic,SUV,23800,https://auto.bazos.sk/inzerat/194114377/skoda-kodiaq-4x4-tour-20tdi-110kw-navi-parkkamera-vyhrevy.php,missing,missing,regex_description,regex_description,regex_description,regex_description,regex_description,match,match,n/a,unknown,unknown,n/a,n/a
bazos,194111281,ŠKODA KODIAQ 2.0 TDI CLEVER MATRIX DSG,Škoda,Kodiaq,2.0 TDI,Diesel,2021.0,146000.0,110.0,Automatic,Pohon,23500,https://auto.bazos.sk/inzerat/194111281/skoda-kodiaq-20-tdi-clever-matrix-dsg.php,regex_description,regex_description,regex_description,regex_title,regex_description,regex_description,regex_title,match,match,n/a,match,match,n/a,n/a
bazos,194427032,Škoda Kodiaq 2.0 TDI 110kW DSG 2023 / MATRIX / ACC / ŤAŽNÉ,Škoda,Kodiaq,2.0 TDI,Diesel,2023.0,163000.0,110.0,Automatic,,22100,https://auto.bazos.sk/inzerat/194427032/skoda-kodiaq-20-tdi-110kw-dsg-2023-matrix-acc-163-000.php,regex_description,regex_description,regex_description,regex_description,regex_description,missing,regex_description,match,match,n/a,match,match,n/a,n/a
