row_index,brand,model,variant,fuel,year,km,power_kw,inventory_price_eur,ab_comparable_count,ab_median_eur,ab_price_diff_pct,bz_comparable_count,bz_median_eur,bz_price_diff_pct,ab_vs_bz_pct_gap,median_spread_pct,rank_source,rank_price_diff_pct,confidence_flag,sample_sufficient,missing_critical_fields,ab_tier,bz_tier,confidence_reasons,ab_example_links,bz_example_links
74,BMW,318d,"Touring 2,0 D 143HK Stc 6g",Diesel,2009,388000,105,1600,5,5000.0,68.0,6,6199.5,74.2,-6.2,19.3,bazos,74.2,MEDIUM,True,none,moderate,broad,"moderate source disagreement 19%; sample n=6, data complete",https://www.autobazar.eu/detail/bmw-rad-3-touring-318d-touring-105kw143hp-m6/Ae0CUmJiSG-/ | https://www.autobazar.eu/detail/bmw-rad-3-318d/Am1D4R8EZpE/ | https://www.autobazar.eu/detail/bmw-rad-3-touring-318d/Am26qrOEzdL/,https://auto.bazos.sk/inzerat/194071361/bmw-e91-318d-m-paket-sport-edition.php | https://auto.bazos.sk/inzerat/194368185/bmw-e91-320d-m47.php | https://auto.bazos.sk/inzerat/193710607/predam-bmw-318d-e91.php
57,VW,Passat,"2,0 TDI DSG 140HK 6g Aut.",Diesel,2006,386000,103,900,7,2490.0,63.9,3,14499.0,,,82.8,autobazar,63.9,MEDIUM,True,none,moderate,broad,"single usable source (AB 7/BZ 3); no cross-check; sample n=7, data complete",https://www.autobazar.eu/detail/volkswagen-passat-20-tdi-comfortline-dsg-103kw140hp-a6/AeEi7xXqd0r/ | https://www.autobazar.eu/detail/vw-passat-19-tdi-automat-po-stk-klima/AmSxpL5Qjop/ | https://www.autobazar.eu/detail/vw-passat-20-tdi-klima-tempomat/AmtM6FKh521/,https://auto.bazos.sk/inzerat/194432957/vw-passat-b85-20-tdi-110-kw-dsg.php | https://auto.bazos.sk/inzerat/193817915/volkswagen-passat-variant-20-tdi-dsg103-kw-2-sady-kolies.php | https://auto.bazos.sk/inzerat/193956701/volkswagen-passat-b8-combi-dsg-20-tdi-90kw.php
5,Subaru,Impreza,2.0 154HP Automatic Active,Petrol,2019,66220,113,11000,0,,,1,28800.0,61.8,,,bazos,61.8,INSUFFICIENT,False,none,broad,broad,"no source reaches 4 comparables (AB n=0, BZ n=1)",,https://auto.bazos.sk/inzerat/194408768/subaru-impreza-wtx-sti-white-edition.php
50,Ford,S-Max,1.5 159HP Manual Titanium,Petrol,2017,330000,117,3800,0,,,10,9149.5,58.5,,,bazos,58.5,LOW,True,none,broad,broad,50% of comparables missing year/km; best sample n=10,,https://auto.bazos.sk/inzerat/194460674/ford-s-max-20-tdci-duratorq-150-at-facelift-2015.php | https://auto.bazos.sk/inzerat/194374595/ford-s-max.php | https://auto.bazos.sk/inzerat/194347331/ford-s-max-20-tdci-ecoblue-150-family-at-7miestne.php
78,BMW,2 Series,1.5 108HP Manual 216i,Petrol,2020,125000,79,9000,0,,,6,20894.0,56.9,,,bazos,56.9,LOW,True,none,broad,broad,100% of comparables missing year/km; best sample n=6,,https://auto.bazos.sk/inzerat/194340707/bmw-218i-gran-coupe-2020-57-970-km-17-900-e.php | https://auto.bazos.sk/inzerat/194334414/predam-bmw-218i-active-tourer-nepojazdne.php | https://auto.bazos.sk/inzerat/193841982/bmw-730ld-m-paket-2021-84-000-km-odpocet-dph.php
87,Mercedes,A-Class,1.6 155HP Automatic A 200,Petrol,2017,154000,114,9500,3,20200.0,53.0,0,,,,,autobazar,53.0,INSUFFICIENT,False,none,broad,broad,"no source reaches 4 comparables (AB n=3, BZ n=0)",https://www.autobazar.eu/detail/mercedes-benz-a-trieda-a-180-at-100kw136hp-a7/AeHnm-D8qad/ | https://www.autobazar.eu/detail/mercedes-benz-a-trieda-a-200-at-120kw163hp-a7/AeLhvUyfzRM/ | https://www.autobazar.eu/detail/mercedes-benz-a-trieda-180-t/Amcoj4NROl5/,
37,BMW,3 Series,2.0 182HP Automatic 320i M-sport,Petrol,2019,113000,134,13500,3,23999.0,43.7,2,18944.5,28.7,15.0,21.1,autobazar,43.7,INSUFFICIENT,False,none,broad,broad,"no source reaches 4 comparables (AB n=3, BZ n=2)",https://www.autobazar.eu/detail/bmw-rad-3-320i-xdrive-at-135kw184hp-a8/Ae8-5c7q1Yo/ | https://www.autobazar.eu/detail/bmw-rad-3-320i-xdrive-m-sport-shadow-at-135kw184hp-a8/AeNm7uoRdjn/ | https://www.autobazar.eu/detail/bmw-rad-3-320i-xdrive-at-135kw183hp-a8/AexlfLb-TCz/,https://auto.bazos.sk/inzerat/194348164/bmw-320d-xdrive-msport.php | https://auto.bazos.sk/inzerat/193485592/bmw-3-320d-xdrive.php
73,BMW,3 Series,2.0 182HP Automatic 320i,Petrol,2019,115000,134,14000,3,23999.0,41.7,2,18944.5,26.1,15.6,21.1,autobazar,41.7,INSUFFICIENT,False,none,broad,broad,"no source reaches 4 comparables (AB n=3, BZ n=2)",https://www.autobazar.eu/detail/bmw-rad-3-320i-xdrive-at-135kw184hp-a8/Ae8-5c7q1Yo/ | https://www.autobazar.eu/detail/bmw-rad-3-320i-xdrive-m-sport-shadow-at-135kw184hp-a8/AeNm7uoRdjn/ | https://www.autobazar.eu/detail/bmw-rad-3-320i-xdrive-at-135kw183hp-a8/AexlfLb-TCz/,https://auto.bazos.sk/inzerat/194348164/bmw-320d-xdrive-msport.php | https://auto.bazos.sk/inzerat/193485592/bmw-3-320d-xdrive.php
43,Mercedes,Gla-Class,1.6 154HP Automatic GLA 200,Petrol,2017,221000,113,9800,4,16300.0,39.9,3,10500.0,6.7,33.2,35.6,autobazar,39.9,MEDIUM,True,none,broad,broad,"single usable source (AB 4/BZ 3); no cross-check; sample n=4, data complete",https://www.autobazar.eu/detail/mercedes-benz-gla-180-entry-at-90kw122hp-a7/AeHT_JbiwIh/ | https://www.autobazar.eu/detail/mercedes-gla-gla-180-kuze-navi-tempomat/Aml3TJHNMrv/ | https://www.autobazar.eu/detail/mercedes-gla-gla-180-automat-kuze-navi/AmM46QcxsCr/,https://auto.bazos.sk/inzerat/193727520/mercedes-gla-200-d-facelift-automat-kupa-sr.php | https://auto.bazos.sk/inzerat/194436054/mercedes-benz-gla-h247-orig-20-s-letnymi-pneu-7mm.php | https://auto.bazos.sk/inzerat/194475244/mercedes-benz-gla-200-d-4matic-a7-2015-201000km.php
33,BMW,X3,2.0 249HP Automatic xDrive 30i,Petrol,2019,139900,183,20000,2,29745.0,32.8,1,26490.0,24.5,8.3,10.9,autobazar,32.8,INSUFFICIENT,False,none,broad,broad,"no source reaches 4 comparables (AB n=2, BZ n=1)",https://www.autobazar.eu/detail/bmw-x3-xdrive30i-m-sport-at-185kw252hp-a8/AeazTplwzOQ/ | https://www.autobazar.eu/detail/bmw-x3-xdrive30i-2018-185kw-harman-kardon-xline/AmL5MclIzrE/,https://auto.bazos.sk/inzerat/192852073/bmw-x3-xdrive30d-luxury-line-at-195kw-rv-072019.php
21,Renault,Mégane,"Sport Tourer 1,6 E-TECH  Plugin-hybrid Zen 160HK Stc Aut.",PHEV,2020,99000,118,11500,0,,,1,15990.0,28.1,,,bazos,28.1,INSUFFICIENT,False,none,broad,broad,"no source reaches 4 comparables (AB n=0, BZ n=1)",,https://auto.bazos.sk/inzerat/194451324/renault-megane-13-tce-160-rsline-edc-117kw-2020.php
14,BMW,X1,1.5 139HP Automatic sDrive 18i,Petrol,2018,119000,102,11500,2,16550.0,30.5,3,15100.0,23.8,6.7,8.8,bazos,23.8,INSUFFICIENT,False,none,broad,broad,"no source reaches 4 comparables (AB n=2, BZ n=3)",https://www.autobazar.eu/detail/bmw-x1-sdrive-18i-140k-xline-at-103kw140hp-a6/AeNbL8OsfPl/ | https://www.autobazar.eu/detail/bmw-x1-sdrive-18i-at-103kw140hp-a7/AeQsVgfz4x8/,https://auto.bazos.sk/inzerat/194137635/bmw-x1.php | https://auto.bazos.sk/inzerat/194436274/bmw-x1-f48-x2-f39-orig-18-letna-sada.php | https://auto.bazos.sk/inzerat/193462843/ford-ranger-limited-22tdci-doublecab-duratorq-4x4.php
80,Volkswagen,Touran,1.4 148HP Automatic Comfortline,Petrol,2018,146600,109,12200,4,15390.0,20.7,1,3700.0,-229.7,250.4,76.0,autobazar,20.7,MEDIUM,True,none,broad,broad,"single usable source (AB 4/BZ 1); no cross-check; sample n=4, data complete",https://www.autobazar.eu/detail/volkswagen-touran-14-tsi-bmt-comfortline-dsg/AeU994ZwAj04/ | https://www.autobazar.eu/detail/volkswagen-touran-15-tsi-opf-act-comfortline-dsg-110kw150hp-a7/AeeZ4EC7GzL/ | https://www.autobazar.eu/detail/volkswagen-touran-14-tsi-bmt-highline-dsg/Amj3eu-HZXe/,https://auto.bazos.sk/inzerat/193594816/volkswagen-touran-14-tsi-family.php
49,Audi,A5,1.8 143HP Automatic S-Line,Petrol,2016,219500,105,7500,0,,,1,9400.0,20.2,,,bazos,20.2,INSUFFICIENT,False,none,broad,broad,"no source reaches 4 comparables (AB n=0, BZ n=1)",,https://auto.bazos.sk/inzerat/194223013/audi-a5-coupe-20-tfsi-2011-132kw-191kw.php
51,Mercedes,B-Class,1.6 121HP Manual B 180,Petrol,2015,161000,89,6800,2,8050.0,15.5,1,16190.0,58.0,-42.5,50.3,autobazar,15.5,INSUFFICIENT,False,none,broad,broad,"no source reaches 4 comparables (AB n=2, BZ n=1)",https://www.autobazar.eu/detail/mercedes-b-180-automat1maj-servkniha/Ae8Y2ohg0zp/ | https://www.autobazar.eu/detail/mercedes-b-b-200-automat-servkniha-kuze/Am5huee6hUe/,https://auto.bazos.sk/inzerat/193727520/mercedes-gla-200-d-facelift-automat-kupa-sr.php
42,Peugeot,3008,1.6 179HP Automatic GT Line,Hybrid,2020,73000,132,15000,0,,,1,14000.0,-7.1,,,bazos,-7.1,INSUFFICIENT,False,none,broad,broad,"no source reaches 4 comparables (AB n=0, BZ n=1)",,https://auto.bazos.sk/inzerat/194443811/peugeot-3008-15-bluehdi.php
20,Mazda,3,2.0 skyactiv-g 122 hk 4-dørs man. sky,Petrol,2019,116000,90,10250,3,17499.0,41.4,5,4499.0,-127.8,169.2,74.3,bazos,-127.8,LOW,True,none,broad,broad,83% of comparables missing year/km; best sample n=5,https://www.autobazar.eu/detail/mazda-3-20-skyactiv-g122-vam-system/AmJznRADkEy/ | https://www.autobazar.eu/detail/mazda-3-20-skyactiv-g122-plusstylesoundsafety-at/AmN3sm0kSxz/ | https://www.autobazar.eu/detail/mazda-3-20-skyactiv-g150-plus-at-110kw150hp-a6/AeFkLwrfyn8/,https://auto.bazos.sk/inzerat/194143899/top.php | https://auto.bazos.sk/inzerat/194080069/mazda-3-benzin.php | https://auto.bazos.sk/inzerat/194410317/mazda-3-20-benzin.php
